kind,from,to,count,sent
override,würd,werden,12,6276
override,verlinkt,verlinken,9,332
override,danke,danken,6,1523
override,wär,sein,6,1735
override,freu,freuen,5,751
override,wüsste,wissen,5,1271
override,find,finden,5,6443
override,warst,sein,4,364
override,isst,essen,4,1247
override,darfst,dürfen,4,1711
override,bräuchte,brauchen,4,2426
override,frag,fragen,3,79
override,tu,tun,3,178
override,gefällt,gefallen,3,219
override,komm,kommen,3,238
override,guck,gucken,3,596
override,gelangt,gelangen,3,1142
override,versteh,verstehen,3,1150
override,verlinke,verlinken,3,1292
override,reingelegt,reinlegen,3,1852
override,angepasst,anpassen,3,2001
override,schlafe,schlafen,3,2406
override,wartest,warten,3,3331
override,hattest,haben,3,3491
override,zeig,zeigen,3,4497
override,vergisst,vergessen,3,5059
override,solltet,sollen,3,5226
override,könntest,können,3,7117
override,schlag,schlagen,2,238
override,willst,wollen,2,294
override,vergiss,vergessen,2,1148
override,recherchiert,recherchieren,2,1537
override,vergesst,bergessen,2,1860
override,besuchst,besuchen,2,1869
override,kämpf,kämpfen,2,1871
override,müsste,müssen,2,2295
override,schaust,schauen,2,2635
override,kaufst,kaufen,2,2666
override,wünsch,wünschen,2,3048
override,frisst,fressen,2,3067
override,würdet,werden,2,3098
override,müsstest,müssen,2,3423
override,ging's,gingen,2,3696
override,fragst,fragen,2,4256
override,bleib,bleiben,2,4419
override,weitergeleitet,weiterleiten,2,4984
override,denk,denken,2,5831
override,studier,studieren,2,6368
override,arbeitest,arbeiten,2,6470
override,wusstet,wissen,2,7034
override,seh,sehen,2,7641
override,drücktest,drücken,1,130
override,versickert,versickern,1,172
override,verlink,verlinken,1,173
override,scheitert,scheitern,1,200
override,demütige,demütigen,1,241
override,destabilisiert,destabilisieren,1,251
override,angefreundet,anfreunden,1,321
override,schnapp,schnappen,1,322
override,musstest,müssen,1,371
override,habt,haben,1,433
override,trank,trinken,1,455
override,missbraucht,mißbrauchen,1,533
override,klickt,klicken,1,831
override,auseinandergesetzt,auseinandersetzen,1,842
override,anläuft,anlaufen,1,881
override,fände,finden,1,912
override,zurückgerudert,zurückrudern,1,961
override,aufgemalt,aufmalen,1,994
override,verredet,verreden,1,1033
override,bewegst,bewegen,1,1034
override,hochgespielt,hochspielen,1,1186
override,spielst,spielen,1,1192
override,lügst,lügen,1,1416
override,vertretene,vertreten,1,1474
override,kapierte,kapieren,1,1556
override,schaff,schaffen,1,1559
override,fühlt,fühlen,1,1573
override,steig,steigen,1,1588
override,mitbringst,mitbringen,1,1735
override,eingewählt,einwählen,1,1758
override,eingeschickt,einschicken,1,1821
override,vibriert,vibrieren,1,1834
override,schwör,schwören,1,2017
override,kanns,können,1,2022
override,schmeiß,schmeißen,1,2060
override,hilfst,helfen,1,2101
override,angefühlt,anfühlen,1,2108
override,schlaf,schlafen,1,2120
override,gekackt,kacken,1,2165
override,zelebriert,zelebrieren,1,2261
override,schmilzt,schmelzen,1,2535
override,hinausgeht,hinausgehen,1,2546
override,ausgereift,ausreifen,1,2564
override,erklär,erklären,1,2582
override,eingejagt,einjagen,1,2598
override,eingegliedert,eingliedern,1,2599
override,maskiert,maskieren,1,2609
override,überlegst,überlegen,1,2644
override,verlierst,verlieren,1,2743
override,nennst,nennen,1,2823
override,springst,springen,1,2906
override,anfängst,anfangen,1,2976
override,anstößt,anstoßen,1,3005
override,vertreibt,vertreiben,1,3097
override,reingeht,reingehen,1,3141
override,freigeschaltet,freischalten,1,3179
override,schieß,schießen,1,3240
override,überschritt,überschreiten,1,3305
override,fang,fangen,1,3398
override,wärst,sein,1,3400
override,anbricht,anbrechen,1,3445
override,eingeplant,einplanen,1,3501
override,herabgespielt,herabspielen,1,3538
override,weghat,weghaben,1,3547
override,schämst,schämen,1,3567
override,trockengelegt,trockenlegen,1,3578
override,bereu,bereuen,1,3603
override,verhefte,verheften,1,3618
override,bezwingt,bezwingen,1,3655
override,gewöhnst,gewöhnen,1,3725
override,einbricht,einbrechen,1,3758
override,scheinst,scheinen,1,3819
override,überdramatisiert,überdramatisieren,1,3849
override,reg,regen,1,3959
override,bitte,bitten,1,4016
override,besorg,besorgen,1,4017
override,zusammengeschraubt,zusammenschrauben,1,4073
override,ziehst,ziehen,1,4076
override,empfehl,empfehlen,1,4186
override,beruhige,beruhigen,1,4229
override,erzähl,erzählen,1,4281
override,gestylt,stylen,1,4286
override,postet,posen,1,4304
override,schreist,schreien,1,4334
override,beginnst,beginnen,1,4467
override,mitfinanziert,mitfinanzieren,1,4527
override,scanne,scannen,1,4574
override,rauskommt,rauskommen,1,4711
override,schert,scheren,1,4725
override,liegst,liegen,1,4769
override,vertrau,vertrauen,1,4797
override,eingetrichtert,eintrichtern,1,4832
override,bewerte,bewerten,1,4863
override,überlässt,überlassen,1,5154
override,trägst,tragen,1,5166
override,kotz,kotzen,1,5249
override,werd,werden,1,5255
override,zusammengelümmelt,zusammenlümmeln,1,5379
override,fessel,fesseln,1,5455
override,verursachst,verursachen,1,5501
override,kollabiert,kollabieren,1,5532
override,hattet,haben,1,5564
override,klingst,klingen,1,5677
override,betrügst,betragen,1,5697
override,passt,passen,1,5777
override,bestückt,bestücken,1,5834
override,konntest,können,1,5879
override,check,checken,1,5908
override,möchtest,mögen,1,5956
override,meldest,melden,1,5979
override,gekriegt,kriegen,1,6015
override,brauch,brauchen,1,6111
override,fandet,finden,1,6148
override,orientier,orientieren,1,6170
override,take,taken,1,6180
override,starkgemacht,starkmachen,1,6189
override,anschreist,anschreien,1,6200
override,aufgelauert,auflauern,1,6270
override,unterrichte,unterrichten,1,6274
override,fahr,fahren,1,6472
override,knall,knallen,1,6528
override,haben's,haben,1,6562
override,telefoniere,telefonieren,1,6562
override,bezahl,bezahlen,1,6594
override,verkackt,verkacken,1,6616
override,flirte,flirten,1,6638
override,verbring,verbringen,1,6688
override,hinchillt,hinchillen,1,6763
override,tust,tun,1,6884
override,geistert,geistern,1,6905
override,fänd,finden,1,6917
override,freikommt,freikommen,1,6953
override,sprech,sprechen,1,7063
override,fühl,fühlen,1,7136
override,treff,treffen,1,7175
override,zerknittert,zerknittern,1,7213
override,mitformuliert,mitformulieren,1,7283
override,nachgefüllt,nachfüllen,1,7350
override,scheppert,scheppern,1,7385
override,stehst,stehen,1,7399
override,wolltet,wollen,1,7582
override,anguckt,angucken,1,7597
override,leg,legen,1,7612
override,würd's,werden,1,7622
override,würdest,werden,1,7635
override,interviewt,interviewen,1,7800
override,antut,antun,1,7812
override,überprüf,überprüfen,1,7819
override,ergattert,ergattern,1,7849
override,hätt,haben,1,7864
override,habe,haben,1,7887
override,ischt,ischen,1,7937
override,genieß,genießen,1,7970
override,schläfst,schlafen,1,7981
fix,verschwörungsmythe,verschwörungsmythos,2,504
fix,mikroorganisme,mikroorganismus,2,1340
fix,präfixverbe,präfixverb,2,1353
fix,hypothes,hypothese,2,4052
fix,hühn,huhn,2,5775
fix,schrecklichst,schrecklich,2,6303
fix,'s,es,2,6647
fix,feuersbrünst,feuersbrunst,1,307
fix,klausure,klausur,1,321
fix,tochterfirm,tochterfirma,1,329
fix,traumus,trauma,1,476
fix,geschied,scheiden,1,499
fix,klimaschutz-vereinbarunge,klimaschutz-vereinbarung,1,512
fix,anglizisme,anglizismus,1,661
fix,imperie,imperium,1,760
fix,schlafanfälle,schlafanfall,1,818
fix,zyklope,zyklop,1,990
fix,knochenfunde,knochenfund,1,1109
fix,impfrisike,impfrisiko,1,1196
fix,becherzell,becherzelle,1,1319
fix,mikroorganism,mikroorganismus,1,1391
fix,zusammenhäng,zusammenhang,1,1458
fix,zweimächtigst,zweimächtig,1,1518
fix,tatare,tatar,1,1526
fix,ursprüng,ursprung,1,1600
fix,revolutionärst,revolutionär,1,1698
fix,hierarchie-stuf,hierarchie-stufe,1,1709
fix,schokoladeneisproduzente,schokoladeneisproduzent,1,1720
fix,aktuellst,aktuell,1,1756
fix,fieberen,fiebern,1,1868
fix,grund-,grund,1,1913
fix,spd-ministerinne,spd-ministerin,1,2044
fix,beständ,bestand,1,2184
fix,reinzukippe,reinkippen,1,2221
fix,mächt,macht,1,2233
fix,kohlenstoffkett,kohlenstoffkette,1,2372
fix,kampfzon,kampfzone,1,2402
fix,gezeitenkräft,gezeitenkraft,1,2453
fix,häut,haut,1,2468
fix,präsidentinn,präsidentin,1,2499
fix,grundwasserökolog,grundwasserökologe,1,2523
fix,corona-schutzmaßnahm,corona-schutzmaßnahme,1,2573
fix,mense,mensa,1,2612
fix,heizleitunge,heizleitung,1,2693
fix,gedächtnisstörunge,gedächtnisstörung,1,2819
fix,respektabl,respektabel,1,2897
fix,verschiedenst,verschieden,1,2961
fix,klimazon,klimazone,1,2961
fix,bewusset,bewußt,1,3049
fix,trainingsdat,trainingsdatum,1,3058
fix,reinzufalle,reinfallen,1,3133
fix,knallflasch,knallflasche,1,3167
fix,zahln,zahlen,1,3183
fix,dunkelfäll,dunkelfall,1,3634
fix,gesünd,gesünder,1,3682
fix,ellst,ell,1,3728
fix,reibereie,reiberei,1,3821
fix,desinformationskampagn,desinformationskampagne,1,3831
fix,hammerschloss-musket,hammerschloss-muskete,1,3882
fix,mächtigst,mächtig,1,3891
fix,komplexest,komplex,1,3930
fix,wellenläng,wellenlänge,1,4097
fix,zahnhäls,zahnhals,1,4109
fix,kreuzzüg,kreuzzug,1,4124
fix,abrufzahle,abrufzahl,1,4218
fix,säck,sack,1,4276
fix,klavierkläng,klavierklang,1,4352
fix,kriegsverbrech,kriegsverbrecher,1,4357
fix,plattwürm,plattwurm,1,4393
fix,kindergärt,kindergarten,1,4399
fix,aufständ,aufstand,1,4462
fix,paillettenkleider,paillettenkleid,1,4523
fix,wirksamst,wirksam,1,4548
fix,beispielverbe,beispielverb,1,4605
fix,sechster,sechst,1,4717
fix,zwölfter,zwölft,1,4717
fix,aztekum,azteke,1,4860
fix,alliierter,alliierte,1,4914
fix,virophag,virophage,1,4949
fix,sexszen,sexszene,1,5004
fix,laubbäume,laubbaum,1,5050
fix,grösst,groß,1,5224
fix,steuerklass,steuerklasse,1,5374
fix,schachtelsätze,schachtelsatz,1,5379
fix,sicherheitszon,sicherheitszone,1,5389
fix,dna-schäd,dna-schaden,1,5493
fix,nichtwissenschaftlicher,nichtwissenschaftlich,1,5587
fix,nachbarzähne,nachbarzahn,1,5592
fix,rezeptore,rezeptor,1,5655
fix,gesetzentwürf,gesetzentwurf,1,5849
fix,plasmastrahle,plasmastrahl,1,5866
fix,säft,saft,1,5872
fix,schorl,schorle,1,5872
fix,konfitür,konfitüre,1,5872
fix,chiligurk,chiligurke,1,6040
fix,supermärkt,supermarkt,1,6116
fix,parkautomate,parkautomat,1,6155
fix,hämm,hämmern,1,6168
fix,frühlingsroll,frühlingsrolle,1,6222
fix,denkmäl,denkmal,1,6234
fix,hochhäuser,hochhaus,1,6730
fix,umgezog,umziehen,1,7201
fix,roulad,roulade,1,7242
fix,hartkäsesort,hartkäsesorte,1,7341
fix,pizze,pizza,1,7444
fix,themenfelder,themenfeld,1,7556
fix,aufgezog,aufziehen,1,7590
fix,nachrichten-websit,nachrichten-website,1,7638
fix,fischgrät,fischgräte,1,7650
fix,plattenbaut,plattenbau,1,7683
