n,stratum,pattern,gloss,surface,text,video,start
1,uniform,etw. (Akk) versuchen,etwas versuchen means to make an attempt or effort to do something.,es versucht,"Ich habe es versucht, aber du wolltest es nicht.",uNtjkAPqwd8,141.223
2,uniform,die Straße,die Straße means street.,keine Straßen,"Das ist geschützter Wald, keine Straßen.",UBCXOGtU7FU,1481.6528000000008
3,uniform,die Kraft,die Kraft means strength.,elementare Kräfte,Jahrmilliarden haben elementare Kräfte unseren Planeten geformt.,dWWkxJSJ9fY,26.8
4,uniform,jdm. (Dat) etw. (Akk) sagen,jemandem etwas sagen means to tell someone something.,gesagt,"Nur sind solche Bischofssitze eben etwas mehr wert als Pokémonkarten, vorsichtig gesagt.",C-0PJ6y9g88,556.8
5,uniform,die Beziehung,die Beziehung means relationship.,die Beziehung,"Wenn man sich die Beziehung von zwei Staaten oder Völkern anschaut, kann man weit in die Geschichte zurückgehen.",X2vtshF6xF0,44.04
6,uniform,das Zeichen,das Zeichen means sign.,Zeichen,"Zusätzlich wurde die Zeit gestoppt, um die Lesezeit pro Zeichen zu messen.",pfvwnmPhIb0,346.84
7,uniform,etw. (Akk) zerstören,etwas zerstören means to destroy something.,bei diesem Vorgang zerstört,Heutige Sterne würden bei diesem Vorgang zerstört.,oRgN9I8vp4k,352.517
8,uniform,der Schlüssel,der Schlüssel means key.,Ich Schlüssel,Oh. Ich Schlüssel nicht raus.,BS_2ZK0rUk8,2795.666666666668
9,uniform,der Stand,der Stand means the current state or tally of something.,Stand Mitte,"In Israel soll es bisher, Stand Mitte März 2026, zwölf tote Zivilisten gegeben haben.",63Vrds4W8FM,137.04
10,uniform,mit jdm. / über etw./jdn. sprechen,mit jemandem sprechen means to speak with someone.,über politische Entscheidungen sprechen,"Wenn wir aber nicht über politische Entscheidungen oder Wahlen sprechen, verwenden wir meistens “auswählen”, würde ich sagen.",LlTPkdcO-og,463.86
11,uniform,etw. (Akk) spielen,"etwas spielen means to play (a game, instrument, or activity).",in der Politik spielt eine große Rolle,Und auch in der Politik spielt Julian Assange eine große Rolle.,IOAnfChTVV4,111.68
12,uniform,die Gesellschaft,die Gesellschaft means society.,Gesellschaft,"Da sollten wir als Gesellschaft zusammenhalten, indem wir uns eben für die Demokratie einsetzen.",4huvAQ98f18,775.28
13,uniform,etw./jdn. (Akk) haben,,An beiden Orten haben Büros,"An beiden Orten haben sie Büros und ein Team, das sie bei ihrer Arbeit unterstützt.",vyUhfmdi9jY,179.96
14,uniform,die Bombe,die Bombe means bomb.,die türkische Bombe,Sorry für die türkische Bombe.,uAS-BBiLpPk,255.613
15,uniform,an etw. (Dat) sterben,an etwas sterben means to die from or of something (often used metaphorically for emotional loss).,gestorben,"Wir hatten da mal einen Fall, da war ein älterer Herr gestorben, der mit seinem Enkel immer geschnitzt hat.",HQTggSUfZPI,756.48
16,uniform,jdm. (Dat) etw. (Akk) geben,jemandem etwas geben means to give something to someone.,gibt Nomaden,"Dann gibt es Nomaden wie Joe (oben rechts): Er verkauft CDs, also seine eigenen Alben im Internet, macht Straßenmusik und macht dadurch Werbung für sich.",rKXhABYxKFQ,800.019
17,uniform,der Arm,der Arm means poor person (archaic/poetic usage with 'arme').,Arm,Grade in den Erdölländern gibt es außerdem krasse innergesellschaftliche Unterschiede zwischen Arm und Reich.,IAD_fVFE6y8,519.0
18,uniform,zu etw. / etw. (Akk) zählen,zu etwas zählen means to rely on someone or something.,zählen zum Umlaufvermögen,"Denn die zählen zum Umlaufvermögen und da gilt das strenge Niederstwertprinzip, wo immer der niedrigste Wert angesetzt wird.",lkikWHgBNBE,251.739
19,uniform,etw./jdn. (Akk) haben,,haben,"Die Kollegen vom MDR, vom Mitteldeutschen Rundfunk, haben das für Thüringen einmal ausgewertet und kommen auf insgesamt 80 verschiedene Aufgabengebiete bei einem Landrat in Thüringen.",2VyID0MpxuQ,215.28
20,uniform,jdm. (Dat) etw. (Akk) sagen,jemandem etwas sagen means to tell someone something.,sagt,Iran sagt aber gleichzeitig auch: Damit ist unsere Reaktion abgeschlossen.,DAd_SwiwH04,700.6
21,uniform,die Million,die Million means million.,den letzten Millionen Jahren,Jäger und Sammler hat es in den letzten paar Millionen Jahren definitiv gegeben.,WhbGobY3hUg,195.85
22,uniform,das Beispiel,das Beispiel means example.,diesem Beispiel,"In diesem Beispiel liegt der Fokus darauf, dass er kocht.",eH4DPgtAx_A,183.19333333333336
23,uniform,etw./jdn. (Akk) hören,etwas hören means to hear something.,hört,"Ich erwähne ihn hier aber, damit ihr wisst, was er bedeutet, wenn ihr ihn mal irgendwo lest oder hört.",20btdxHqWD8,555.2046875000002
24,uniform,das Labor,das Labor means laboratory.,Labor,"Das weiß ich als Chemikerin leider aus eigener Erfahrung, weil man im Labor auch ab und an mit H2S hantiert.",LQAF3b0luDw,102.0
25,uniform,die Bevölkerung,die Bevölkerung means the population.,die deutsche Bevölkerung,Und die deutsche Bevölkerung ist in Kauflaune.,6PigxzKR84w,688.2
26,uniform,das Prozent,das Prozent means percent.,100 Prozent Akku,"Ich hatte das mehrmals bei Gorillas, dass die E-Bikes, obwohl die vollgeladen waren, 100 Prozent Akku hatten, nicht richtig funktioniert haben.",YjKKy361zZ0,415.28
27,uniform,jdn./etw. (Akk) vor etw. (Dat) bewahren,jemanden vor etwas bewahren means to save someone/something from something.,Gott bewahre,"Gott bewahre, dass irgendjemand außer Aron Glückstein etwas von der Welt versteht.",9kwL5Msx9TQ,1947.6421917808218
28,uniform,jdm. (Dat) etw. (Akk) schicken,jemandem etwas schicken means to send something to someone.,einen Öltanker schickt,"Das heisst, das funktioniert letztlich über Einschüchterung, dass im Augenblick kein Land gewillt ist, sich Ärger mit den USA einzufangen, indem man einen Öltanker schickt.",FMJT0rrH_Ig,127.6
29,uniform,über etw. (Akk) entscheiden,über etwas entscheiden means to make a decision about something.,entscheidet,"Weil das Gehirn entscheidet, was wir essen, liegt dem Mikrobiom seine Gesundheit am Herzen.",_WP9Piwsexo,225.88
30,uniform,etw./jdn. (Akk) vergessen,etwas vergessen means to forget something.,vergessen,Abonnieren und Liken nicht vergessen.,q9KRDebumfc,1044.1124050632911
31,uniform,"nichts, nix",,nichts,"Ja, das ist sinnvoll, damit wir nichts vergessen.",1_Sne_JjXLU,496.013
32,uniform,jdm. (Dat) etw. (Akk) zeigen,jemandem etwas zeigen means to show something to someone.,zeigte,"Nur sie hatte kein Licht, das zeigte, welcher Hebel der richtige war.",mt-bI6tH5uU,559.16
33,uniform,jdn./etw. (Akk) mitnehmen,jemanden mitnehmen means to take someone or something along.,euch mitnehmen,"Na los, jetzt sind wir wieder die M. Hey, könnt ihr euch mitnehmen?",s-PargCRexE,406.6263157894737
34,uniform,der Freund,der Freund means friend.,Freunden,Das kann ein liebevoller Scherz unter Freunden sein oder ein gemeiner Kommentar.,XfkeDWCNnjM,459.0219178082192
35,uniform,etw./jdn. (Akk) haben,,hat,"Das war so lange kein Problem, bis Russland die Ukraine angegriffen hat.",titv-tZ4iB8,201.36
36,uniform,die Wand,die Wand means wall.,der Wand,"Du kannst Rasenmähen, Nägel aus der Wand ziehen und arbeitest gerne mit Moltofill?",21ZiBKfLQ2Y,904.36
37,uniform,das Jahr,das Jahr means year.,5 Jahren,Ich habe vor 5 Jahren eine Ausbildung gemacht und arbeite jetzt als Angestellter in einer Bank.,uplNqv7NHrM,39.682
38,uniform,der Gott,der Gott means God.,mein Gott,"Oh mein Gott, mein Aschkem.",sYUiXe_Qu3Q,597.0110000000001
39,uniform,etw. (Akk) vermeiden,etwas vermeiden means to avoid something.,vermeiden,Aber die Forschung zeigt: Sie sind kaum zu vermeiden.,1nnKydcqmDI,599.64
40,uniform,etw./jdn. (Akk) haben,,hat,Sie hat bestimmt nur Hunger.,PQueNUkAZJ4,446.471
41,uniform,etw. (Akk) errichten,etwas errichten means to construct or build (a physical structure).,errichten einen eigenen Staat,"Dort errichten sie einen eigenen Staat, eigentlich setzen sie ihren alten Staat fort, nur eben viel kleiner.",US3fwfUaTPM,160.12
42,uniform,für/gegen jdn./etw. stimmen,für jemanden stimmen means to be wrong or incorrect.,stimmt,"Und der konnte uns auch ganz genau sagen, was nicht stimmt.",u-9EvVPrDE0,952.64
43,uniform,das Ensemble,das Ensemble means all the performers in a theater or opera company.,Ensemble,"Ensemble war bei der letzten Wahl zweitstärkste Kraft, hat aber ebenfalls keine absolute Mehrheit im Parlament.",iF8crBezySA,218.72
44,uniform,jdm. (Dat) etw. (Akk) aufschreiben,jemandem etwas aufschreiben means to write something down for someone (to record or list).,falsche Dinge aufschreibt in Brandenburg,"Bei der Auszählung wird genau darauf geachtet, dass nicht jemand falsche Dinge aufschreibt wie in Brandenburg, oder Stimmzettel verschwinden lässt.",pyXS4ytSIGY,449.8
45,uniform,die Veränderung,die Veränderung means change.,eine Veränderung,Konnten Sie eine Veränderung feststellen bei ihm?,LhIV_MhdhuE,534.28
46,uniform,der Geschäftsführer,,den Geschäftsführer,"In ganz großen Firmen kann es sein, dass man als Angestellter den Geschäftsführer niemals trifft.",IAWGZlRouds,798.1509433962264
47,uniform,jdm. (Dat) etw. (Akk) sagen,jemandem etwas sagen means to tell someone something.,sagen,Wir können sagen: Es läuft wie am Schnürchen. “Schnürchen” ist die Verniedlichungsform von “Schnur”.,gJbNr0rpPa8,453.88363636363636
48,uniform,etw. (Akk) wissen,etwas wissen means to know something.,wissen wenig über sie,"Leider wissen wir insgesamt wenig über sie, weil ihr kulturelles Erbe weitgehend zerstört wurde.",lXNS_pLFkdk,870.88
49,uniform,vor jdm./etw. (Dat) fliehen,vor jemandem fliehen means to flee from someone/something.,fliehen in die Keller,Die überraschten Einwohner fliehen in die Keller ihrer Häuser.,htPOnvQZSBU,286.0
50,uniform,das Jahr,das Jahr means year.,zehn Jahre,Schiedsrichter gab es nämlich erst rund zehn Jahre später.,-jPx81Y10oE,798.96
51,uniform,mit jdm. / über etw. reden,mit jemandem reden means to talk with someone.,mit uns reden,Er darf nicht so mit uns reden.,PFsFOWjW33A,334.3707894736842
52,uniform,jdm. (Dat) etw. (Akk) erzählen,jemandem etwas erzählen means to tell someone something.,Das erzähle,Das warst du. Das erzähle ich Opa Krasnachi.,hD2dmcEwhSM,281.066
53,uniform,die Frau,die Frau means wife.,Frauen,"Männer werden zum Kriegsdienst gezwungen, Frauen als sogenannte „Trostfrauen“ zur Prostitution missbraucht.",A5K_hGOVs6M,87.12
54,uniform,der Bundestag,der Bundestag means the German federal parliament.,des Bundestags,"Wie gesagt, das sind die ersten Worte, die Friedrich Merz am Mikrofon des Bundestags im Rahmen einer Rede gesprochen hat.",2cIoqnF___g,281.36
55,uniform,jdm. (Dat) vertrauen,jemandem vertrauen means to trust someone.,den EU-Einrichtungen vertrauen,"Mehr Transparenz und Verantwortung sind dringend nötig, wenn die Bürger den EU-Einrichtungen vertrauen sollen.",8o2yaqECGc0,178.36
56,uniform,die Macht,die Macht means power.,die Macht,Klar ist: die Macht von Amazon ist die Macht von Jeff Bezos.,REc4p2B40a4,354.84
57,uniform,etw./jdn. (Akk) haben,,keine 22 Minuten Zeit hat,"Und wer keine 22 Minuten Zeit hat, es gibt einen deutlich kürzeren Tagesthemen-Kommentar von mir.",u439pm8uYSk,1043.72
58,uniform,etw./jdn. (Akk) halten,etwas halten means to think or consider something/someone in a certain way.,Kurs halten,Jetzt ist also die Frage: Wer von beiden muss Kurs halten und wer muss ausweichen?,45aaYCbJnW0,59.35
59,uniform,auf etw. / an etw. ankommen,auf etwas ankommen means to depend on something.,ankommt,"Sondern sie macht das erstens, weil es der eigenen Überzeugung entspricht, aber zweitens, weil sie damit auch ankommt.",T3F2RD7ZVtw,2324.867
60,uniform,etw. (Akk) können,,kann,"So kann man ein teures, luxuriöseres Auto nennen, oft einen Sportwagen.",clPqclHEDh4,263.6095999999999
61,uniform,etw./jdn. (Akk) haben,,haben,"Und auch in den USA gab es v.a. Deutschstämmige, die gesagt haben: Was die Nazis machen, ist gut.",j2Gqj84sm60,159.28
62,uniform,die Verhandlung,die Verhandlung means negotiation.,langen Verhandlungen,"Weil alle wissen, dass sie ihre jeweiligen Ziele allein nicht durchsetzen können, suchen sie Verbündete in langen und natürlich geheimen Verhandlungen.",9-c1z6ra8Lk,245.52
63,uniform,etw. (Akk) machen,etwas machen means to do something or to make/choose someone for a role.,was machen,"Das ist alles interessant, aber war gar nicht das, was ich machen sollte.",JC2IG6tnnfs,248.96328767123288
64,uniform,etw./jdn. (Akk) halten,etwas halten means to think or consider something/someone in a certain way.,seine Kolonien halten,Großbritannien hätte seine Kolonien auf Dauer nicht halten können.,uxxMMuHFlVM,258.2
65,uniform,jdm. (Dat) etw. (Akk) sagen,jemandem etwas sagen means to tell someone something.,gesagt auf meiner Website,"Schaut wie gesagt gerne auf meiner Website vorbei, wenn ihr die Verben mit ""lassen"" üben möchtet.",WTrtXWBjGNI,1236.94
66,uniform,der Junge,der Junge means boy.,mein Junge,"Sag mal, mein Junge, was weißt du eigentlich über die Ritzlertagebücher?",Vb9df_r0pZo,2443.3489999999997
67,uniform,jdm. (Dat) etw. (Akk) geben,jemandem etwas geben means to give something to someone.,gibt das drittelraster,"Dort gibt es das drittelraster, welches hier leitfaden für Dritte heißt.",hG74y-GbtRA,2044.820290322581
68,uniform,etw. (Akk) / jdm. (Dat) etw. (Akk) brechen,etwas brechen means to break something (physically or figuratively).,durch Krieg gebrochen,Widerstand wird durch Krieg gebrochen.,rVLYaU1mNjY,625.64
69,uniform,der Bundestag,der Bundestag means the German federal parliament.,Bundestag,Zugleich sind 21 Lobbyisten der Bahn im Bundestag registriert.,uNyDB90V_GY,1877.16
70,uniform,etw. (Akk) wissen,etwas wissen means to know something.,was weiß 150,Du bist was weiß ich 120 150 vielleicht bist du auch schon bei 2 300 400%.,k1-aP3hZEHs,302.791
71,uniform,der König,der König means king.,König,Mit jeder Hilfeleistung erhält der Adel vom König über die Jahrhunderte ein neues Zugeständnis.,VjKdtZiRSXg,377.84
72,uniform,auf jdn./etw. wirken,auf jemanden wirken means to have an effect on someone / to work upon someone.,wirkt,Sie wirkt bodenständig und sympathisch.,ZJ9UjV9p6IE,298.03552777777765
73,uniform,jdn. (Akk) um etw. bitten,jemanden um etwas bitten means to ask someone for something.,bittet seinen Vater,"Er bittet seinen Vater darum, dass Odysseus nie mehr in seine Heimat zurückkehrt.",UbYOutzCqyw,438.0
74,uniform,das Bild,das Bild means image.,das Bild,Oder das Bild geht viral.,Lc1P714o6uk,160.791
75,uniform,etw./jdn. (Akk) haben,,hätte,"Tu so, als hätte Travis etwas komisches gesagt.",3TwY5jtZJvM,2056.967671232877
76,uniform,etw. (Akk) mitmachen,etwas mitmachen means to participate in something.,mitmachen,Rund 110 Millionen Menschen können dabei mitmachen.,Pd-YCV0g6Cs,7.84
77,uniform,der Vater,der Vater means father.,mein Vater,"„Hallo, Lisa, mein Vater und ich brauchen deine Hilfe.",Lg5P2w_Ro1c,4459.96
78,uniform,etw./jdn. (Akk) haben,,hat,"Die OECD hat in verschiedenen Vergleichsstudien immer wieder ermittelt, dass Deutschland, was Bildungsgerechtigkeit angeht, nicht wirklich gut dasteht.",3PPd4lYvP0s,442.6
79,uniform,jdm. (Dat) / etw. (Dat) zustimmen,jemandem zustimmen means to agree with someone.,dem zuzustimmen,"Noch mehr in der Kritik steht Art. 13. Gerade wegen Art. 13 gibt es eine Petition, die das EU-Parlament dazu aufruft, dem nicht zuzustimmen.",2Ow9PXtJ6VI,247.48
80,uniform,mit etw. / etw. (Akk) beginnen,mit etwas beginnen means to start something.,begann vor 300 Jahren,Dann begann vor etwa 300 Jahren die Industrialisierung.,WhbGobY3hUg,123.4
81,uniform,jdn. (Akk) + Name (Akk) nennen,jemanden Name nennen means to give someone a name or to refer to someone by a name.,genannt,"Wie zum Beispiel beim Kompaniefeldwebel, der auch Spieß genannt wird.",9U-G-o2UBOE,299.8
82,uniform,die Lösung,die Lösung means solution.,die Lösung,"Und die Lösung: ""Die Hütte liegt etwas versteckt auf einem Hügel und kann nur zu Fuß erreicht werden."" Das ist eine ""Passiversatzform"".",dKH1-TgByIw,294.404
83,uniform,auf etw./jdn. schauen,auf etwas schauen means to look at something or to wait and see.,auf das Phänomen schauen,"Wir gehen jetzt zum Hamburger Verfassungsschutz und hören mal, wie die Sicherheitsbehörden auf das Phänomen schauen.",iYtJLOBEXa0,1654.92
84,uniform,etw. (Akk) umsetzen,etwas umsetzen means to implement or carry out something.,BVT-Merkblätter umsetzen,Neue Anlagen müssen BVT-Merkblätter sofort umsetzen.,ca4CuIj_U9w,6807.48537037037
85,uniform,mit etw. / von etw. handeln,mit etwas handeln means to act in relation to something or to deal with something.,sich sich bei Ramses II um den Pharao handelt,"Manche glauben sogar, dass es sich bei Ramses II um den Pharao der Bibel mit den zehn Plagen und dem Auszug aus Ägypten handelt.",UXKvwL8Ox6k,713.12
86,uniform,jdm. (Dat) etw. (Akk) gewähren,jemandem etwas gewähren means to grant someone something.,sich sich gewährt,Aber der Bock hat sich gewährt.,xDmA0wqCdoI,1577.72
87,uniform,die Menge,die Menge means a large amount or quantity.,Eine Menge,Allein der #Fitness bei Instagram kommt auf 290 Mio.Treffer. Eine Menge.,1e8sRPB7kAo,15.52
88,uniform,gegen jdn./etw. sich wehren,sich gegen jemanden wehren means to defend oneself against someone or something.,sich sich wehrt,"Wir haben damit den sogenannten inneren Schweinehund erklärt, der sich einfach immer wehrt, wenn man sich ändern will.",eaMxWzTZLbM,1206.84
89,uniform,das Mitglied,das Mitglied means member.,Mitglied,"In aktuellen Umfragen sagen mehr als 90 Prozent der Albaner, dass sie gerne Mitglied der Europäischen Union wären.",8v55eFkxZrQ,102.44
90,uniform,die Kosten,die Kosten means costs.,Die Kosten,"Die Kosten rühren im wesentlichen daher, dass sie in kleinen Stückzahlen produziert werden.",V6lo6yQ9_34,579.28
91,uniform,der Wunsch,der Wunsch means wish or desire.,ihr Wünsche,Und wenn ihr Wünsche habt für das nächste Video.,ipoJ0RUlYMA,281.72
92,uniform,die Information,die Information means information or notice.,weitere Informationen,"Wenn ihr mehr über sportpsychologische Interventions- und Präventionsprogramme erfahren wollt, ist natürlich unten in der Infobox verlinkt, wie weitere Informationen rund um dieses Thema.",hv0Hz2XMGXA,775.76
93,uniform,das Blut,das Blut means blood.,Königliches Blut,Königliches Blut müsste man haben.,11ofQQOKrPY,0.24
94,uniform,das Gesetz,das Gesetz means law.,Die Gesetze,Die Gesetze müssen sich mit der Technologie mitentwickeln.,x6C2oyDLjw4,1087.52
95,uniform,die Nation,die Nation means nation.,die Vereinten Nationen,Taiwan muss die Vereinten Nationen verlassen.,B4STPXDtl3M,363.48
96,uniform,jdn./etw. (Akk) / sich (Dat) etw. (Akk) anschauen,jemanden anschauen means to look at someone or something closely.,Schauen uns uns das an an,"Schauen wir uns das mal etwas genauer an und starten nicht mit einer, sondern gleich mit zwei Parteien.",qGxHMjai01g,109.0
97,uniform,an etw. (Dat) sterben,an etwas sterben means to die from or of something (often used metaphorically for emotional loss).,sterben,Ich will nicht sterben. 30 Minuten später.,OY_KzayzfR4,721.541
98,uniform,jdm. (Dat) etw. (Akk) schreiben,jemandem etwas schreiben means to write something to someone (or to write a letter/message).,mehr schreiben,Diese WM wird mehr schreiben als nur Fußballgeschichte.,EprQ9qtTafg,38.16
99,uniform,der Freund,der Freund means friend.,Freunde,"Ach, aber Freunde, Hallo, ich kann es beweisen.",xDmA0wqCdoI,3410.6
100,uniform,"all, alle",,alle,"Eine lokale Anpassung, die alle betrifft, die über mehrere Generationen unter bestimmten Umweltbedingungen leben, egal, ob sie sich im Übrigen genetisch ähnlicher sind oder nicht.",FGAyYl3ZICw,407.84
101,uniform,etw./jdn. (Akk) haben,,hätten,"Zweitens gab es ja auch kommunistische, sozialdemokratische, liberale und religiös motivierte Widerstandsbewegungen, die nach dem Fall des Hitlerregimes am Wiederaufbau hätten mitwirken wollen.",MjvUoR4UjeY,405.64
102,uniform,der Fall,auf jeden Fall means definitely/absolutely.,jeden Fall,"""Diverse"" bedeutet einige, mehrere, aber auch unterschiedliche, diverse Vorteile, also auf jeden Fall ist es in unserem Kontext eher ein Synonym von ""einige"".",G5zMNermDzw,280.94756756756766
103,uniform,etw. (Akk) machen,etwas machen means to do something or to make/choose someone for a role.,auf jeden Fall mehr Sport machen,Ich will jedes Jahr auf jeden Fall mehr Sport machen.,psGJjpp9ZO0,442.0680701754386
104,uniform,jdm. (Dat) etw. (Akk) / sich (Dat) beschaffen,jemandem etwas beschaffen means to obtain or procure something for someone.,Teile für Brandsätze beschaffen,"Quasi unter den Augen der Polizei versucht er offenbar weiter, Teile für Brandsätze zu beschaffen.",LhIV_MhdhuE,256.24
105,uniform,die Politik,die Politik means politics (the field of government and public affairs).,Politik,Hier sind Politik und Liebesleben untrennbar miteinander verbunden.,pZoCCbeje_g,519.72
106,uniform,der Zeitraum,,diesem Zeitraum,Und der Knackpunkt ist: Genau in diesem Zeitraum ist Prüfungsphase an der Uni.,znUg17W526o,594.0
107,uniform,der Krieg,der Krieg means war.,diesen Krieg,Allerdings ohne diesen Krieg auch als solchen zu bezeichnen.,NcPJVH-9s-o,171.48
108,uniform,die Region,die Region means a geographical area or district.,der Region,Für Iran sind die Huthis ein wichtiger Partner in der Region.,yjoQx5WpNVU,259.16
109,uniform,jdm. (Dat) vorkommen,jemandem vorkommen means to seem or appear to someone.,Mir kommt vor vor,"Mir kommt das vor, als wären das 100 Meter.",4keS4prD-kA,1228.76
110,uniform,der Punkt,der Punkt means a point or item on a list/agenda.,diese innenpolitischen Punkte,Auf uns in Deutschland haben diese innenpolitischen Punkte natürlich kaum Auswirkungen.,ObDrBJIPMtc,500.64
111,uniform,etw. (Akk) ziehen,etwas ziehen means to move (residence).,Als Erwachsener zieht als Wanderprediger,Als Erwachsener zieht er als Wanderprediger durchs Land.,oUzail_XJsc,55.08
112,uniform,der Vater,der Vater means father.,meinen Vater,Wollen wir meinen Vater anrufen?,7LFpgPkOsoE,554.875
113,uniform,der Mensch,der Mensch means person/people.,Menschen,Sie kann Menschen verhaften und dann entsprechend die Abschiebungen vorbereiten.,DHHBy760b0Y,269.6
114,uniform,die Periode,die Periode means a specific duration or interval of time.,seiner blauen Periode,Er lebte die ersten Jahre seiner blauen Periode nur von Rugelach und Mar.,DAhmm1LS43g,4722.486857142856
115,uniform,der Mann,der Mann means the man (specific individual).,Viele junge Männer,"Viele junge Männer radikalisieren sich, treten Terrorgruppen bei.",8cgWrmb1K54,273.48
116,uniform,der Betrieb,der Betrieb means workplace.,Betriebe,"Man darf auch weiter Betriebe mit Publikumsverkehr besuchen, ist aber angewiesen, einen Mindestabstand von 1,5m einzuhalten.",6LTz9YZwapU,147.52
117,uniform,die Politik,die Politik means politics (the field of government and public affairs).,keine linke Politik,Es gibt keine linke Mehrheit und keine linke Politik mehr in Deutschland.,sLI1Dg5-Twg,296.6
118,uniform,das Auge,das Auge means eye.,bloßem Auge,Sie leuchten nicht besonders hell und man kann sie deshalb nicht mit bloßem Auge am Nachthimmel erkennen.,ap6VS5anhCc,48.48
119,uniform,die Wohnung,die Wohnung means apartment.,die Wohnung,Dann müssen Sie die Wohnung verlassen.,Kp54Sq0V_AY,612.0
120,uniform,der Zeitpunkt,,dem Zeitpunkt,"Allein das ist schon krass, aber leider nicht alles. (englisch:) Denn zu dem Zeitpunkt hatte die Hongkonger Polizei bereits ein Kopfgeld auf Carmen ausgesetzt.",m8e-ZaZSWqY,494.04
121,uniform,das Gefühl,das Gefühl means feeling or intuition.,lustige Gefühle,"THC aktiviert einige Regionen und beruhigt andere, wodurch lustige Gefühle entstehen.",gI-A5rikt2U,189.96
122,uniform,auf etw. (Akk) / für etw. plädieren,auf etwas plädieren means to plead for something.,für einen De-Risking plädieren,"Ich würde immer für einen De-Risking plädieren, aber kein De-Coupling, das habe ich schon ausgeführt.",zjLkTb2jQnw,12671.685846153847
123,uniform,das Kind,das Kind means child (a young human being).,ein malendes Kind,Stell dir das Universum als ein malendes Kind vor.,FYh4dWI-bqQ,25.32
124,uniform,etw. (Akk) wollen,,wollte,"Seit 1991 unabhängig, aber mit einer Region, die nicht zum Rest des Staates gehören wollte, nämlich Transnistrien.",0gu1gDgQ2Ck,286.72
125,uniform,das Gegenteil,das Gegenteil means the opposite.,Gegenteil,"Im Gegenteil, es wird immer verheerender.",3PPd4lYvP0s,465.8
126,uniform,jdm. (Dat) etw. (Akk) erzählen,jemandem etwas erzählen means to tell someone something.,die Dramen erzählen,"Amerikanische Seifenopern, die die Dramen reicher Familien erzählen.",IJQ2v1IQcc0,366.6
127,uniform,etw. (Akk) ausdrücken,etwas ausdrücken means to express something.,sich sich ausdrückt,"Es ist unglaublich, wie gut er sich ausdrückt und was für eine angenehme Ausstrahlung er vor der Kamera hat.",UWk2aaYHGY8,540.92
128,uniform,die Bundesrepublik,die Bundesrepublik means the Federal Republic (of Germany).,der Bundesrepublik,"Auch im Westen, in der Bundesrepublik konnte man das beobachten.",AeOtbACux5w,571.24
129,uniform,die Seite,die Seite means side.,die andere Seite,"Vor allem, weil wir Demokraten uns nicht aller Mittel bedienen können, die die andere Seite hat.",oZlJeK-AacE,1353.2
130,uniform,der Arzt,der Arzt means doctor.,dem Arzt,"Am besten, ich fahre direkt zu der Praxis, um mit dem Arzt zu sprechen.",zd3MotIR_eI,184.024
131,uniform,etw./jdn. (Akk) haben,,hat,"Bereits 1953 hat er der israelischen Regierung mitgeteilt, dass Eichmann in Argentinien Zuflucht gefunden hat.",mmNgFfUN4MA,755.64
132,uniform,"allein, alleine",allein means alone.,Allein,Allein auf dem Schlachtschiff USS Arizona lagern sogar 680.000 Liter Flugzeugbenzin und 5.000 Tonnen Munition.,YXa6owVk8LA,296.44
133,uniform,"all, alle",,allem,"Entscheidend sind jetzt die kommenden Monate, vor allem auch die Monate nach der Wahl im nächsten Jahr.",U6GW6gzIywo,635.6
134,uniform,das Haus,das Haus means the building where people live.,Hause,"Ja, ich denke, wir sollten alle einfach nach Hause gehen.",tqR3JB7mo_o,1479.72
135,uniform,der Krieg,der Krieg means war.,einen Krieg,Und noch einen Krieg führt das Land seit einiger Zeit: einen Cyberkrieg.,0gu1gDgQ2Ck,801.44
136,uniform,jdn. (Akk) führen,jemanden führen means to lead someone or something.,beim BR zum Umdenken geführt,Die Kritik an den Ingolstadt-Folgen hat beim BR schließlich zum Umdenken geführt.,9FsXQkOdP7I,1686.68
137,uniform,die Information,die Information means information or notice.,Informationen,"Und keinem Forscher würde es einfallen, Informationen, wie man normales Laborequipment zum Bau von Bomben einsetzen könnte, im Internet zu teilen.",M6Tat_YeZbc,491.7994520547945
138,uniform,etw. (Akk) befürchten,etwas befürchten means to fear something.,befürchten,"Die Menschen in Taiwan besorgt das, denn sie befürchten, dass die USA China gewähren lassen würden, wenn dessen Armee versuchen würde, Taiwan anzugreifen.",cdN8aL2_hiY,577.56
139,uniform,der Künstler,der Künstler means artist.,der Künstler,Nicht nur der Künstler verdient.,bGOthUru6hA,268.08
140,uniform,mit etw. aufhören,mit etwas aufhören means to stop doing something.,aufhören,"Ich muss aufhören, daran zu denken.",esyaBtMuRsM,397.42
141,uniform,etw./jdn. (Akk) haben,,hatten das,"Also du kommst ja, wir hatten das heute schon mal, auch eine ganz klassische Einwanderungsgeschichte.",6wdfaDUNckw,219.64
142,uniform,der Tod,der Tod means death.,dem Tod,Mit dem Tod von Ali Chamenei sind wir bei der Frage aus dem Titel dieses Videos hier angekommen.,mOgzrsfM-BA,268.32
143,uniform,die Entscheidung,die Entscheidung means decision or decisions.,die Entscheidung,"Aber egal, wie die Entscheidung ausfällt, die gesellschaftlichen Spannungen wurden dadurch noch einmal verschärft.",iF8crBezySA,693.28
144,uniform,etw. (Akk) können,,können,Und wir können sie mit der nötigen Technologie ausstatten.,ME6xH8jrNK4,88.683
145,uniform,jdn. (Akk) zu etw. einladen,jemanden zu etwas einladen means to invite someone to something.,Putin eingeladen,"Donald Trump hat Wladimir Putin eingeladen, möchte den Krieg in der Ukraine beenden.",SGvv-xIoStA,178.04
146,uniform,etw. (Akk) benutzen,etwas benutzen means to use something.,Wörter benutzen,"Versucht dabei, Wörter zu benutzen, die ihr beim Lesen gelernt habt.",xWgB_L31IOs,765.3982432432432
147,uniform,etw. (Akk) erzeugen,etwas erzeugen means to generate (energy/power).,erzeugte einen Selektionsdruck,Der schwierige Übergang vom Jagen und Sammeln zum Ackerbau erzeugte einen Selektionsdruck.,5IpAsztfBBA,160.04
148,uniform,der Ausdruck,der Ausdruck means an expression or phrase.,diese Ausdrücke,"Wenn ihr diese Ausdrücke kennt, könnt ihr euch abwechslungsreicher auf Deutsch ausdrücken und Muttersprachler besser verstehen.",Xb46PtEeGmU,15.76
149,uniform,die Mutter,die Mutter means mother.,meiner Mutter,Ich habe gerade mit meiner Mutter gesprochen.,erEyk5iHhGc,353.131
150,uniform,die Schule,die Schule means school (the institution or the activity of attending it).,die Schule,Lisa hat die Schule bereits gewechselt.,eFiDZrQWaHU,1351.875
151,uniform,die Frage,die Frage means question.,keine Frage,"Ja, ich glaube, das ist keine Frage des Geldes mehr.",9rVCgdaOv4I,2065.9533333333347
152,uniform,der Fall,auf jeden Fall means definitely/absolutely.,keinen Fall,Komm auf keinen Fall raus.,JqyD9UoF0No,691.473
153,uniform,nach etw. klingen,nach etwas klingen means to sound like something.,klingt,Ein formeller Brief klingt sehr offiziell.,sbdl1y5XosI,337.4982608695653
154,uniform,etw./jdn. (Akk) haben,,die nötige Kraft hat,"Umsetzen lässt sich so etwas nur, wenn man auch die nötige Kraft dafür hat.",kBUzEoX5ENI,721.24
155,uniform,etw. (Akk) verbreiten,etwas verbreiten means to spread something.,Unruhe verbreitet,Die NATO-Staaten haben auch ordentlich Unruhe verbreitet.,FHvP4RKLUp4,237.2
156,uniform,"all, alle",,allem,"Sie sagen, das ist eine kühle Machtpolitikerin, die vor allem auf eins aus ist: auf den eigenen Vorteil.",IUqGpj7dLfg,418.4
157,uniform,etw. (Akk) wollen,,wollen,"Er sagt, wir wollen das gemeinsam im Herbst entscheiden.",DxlQCJZUdVo,861.44
158,uniform,die Erde,die Erde means the planet Earth.,Die Erde,Die Erde kühlt sich weiter ab und es regnet wahrscheinlich Millionen von Jahren lang.,8wQkM-znhjY,517.56
159,uniform,das Kind,das Kind means child (a young human being).,Kinder,Ihr seid ja noch Kinder.,qaWTR3YkRJI,280.958
160,uniform,der Hersteller,der Hersteller means manufacturer.,die Hersteller,"Wenn Minderjährige Vape Pens konsumieren oder Dampfer Einweg-Vapes einfach in den Hausmüll werfen, dann können die Hersteller nicht dafür verantwortlich gemacht werden.",F5rN_LkLWMQ,718.92
161,uniform,"vorne, vorn",vorne means front or forward (direction).,vorne,"Da vorne ist eine Oase, glaube ich.",LA3U2FAyunM,1187.406
162,uniform,etw. (Akk) lernen,etwas lernen means to acquire knowledge or skills.,lernten,"Im Osten war wichtig, dass die Kinder lernten, im sozialistischen System zu leben.",qzXXbR3MqjI,268.39079999999996
163,uniform,etw. (Akk) ändern,etwas ändern means to change something.,sich sich etwas ändern,Es könnte sich ja etwas ändern.,YWAzVYPivWE,308.48
164,uniform,etw. (Akk) können,,kann,"Millionen gucken zu."" Was kann der machen?",EprQ9qtTafg,1315.003157894737
165,uniform,die Sprache,die Sprache means language.,Sprache,"Und der Bereich in unserem Gehirn, der für Sprache und Struktur verantwortlich ist, wird deaktiviert.",oNtNLyzWneM,126.34536585365854
166,uniform,etw. (Akk) einnehmen,etwas einnehmen means to earn or receive (money).,Ohne die Magie nimmt seinen Platz ein,"Ohne die Magie des Feuerbringers nimmt n alles wieder seinen Platz ein, wo es wissenschaftlich hingehört.",xru8Neeub1k,4762.47294117647
167,uniform,etw./jdn. (Akk) haben,,habe,Ich habe schon zu Mittag gegessen.,98S3JDk_7Ww,4407.111
168,uniform,die Rücksicht,die Rücksicht means consideration or regard.,keine Rücksicht,"Ein irrwitziges Vorhaben, das auf das Leben und die Gesundheit der Jugendlichen keine Rücksicht nimmt.",AdoL7zmVSmU,1289.04
169,uniform,jdm. (Dat) etw. (Akk) bedeuten,jemandem etwas bedeuten means to mean something to someone.,Menschen bedeuten,"Die würden übersetzt sehr oft ""Menschen"" oder ""Volk"" bedeuten.",rVLYaU1mNjY,167.04
170,uniform,die Schwester,die Schwester means sister.,Schwester,"Ich brauche deine Hilfe, Schwester.",Wee30B9zUL8,132.5
171,uniform,etw. (Akk) machen,etwas machen means to do something or to make/choose someone for a role.,mache die Lara einen Antrag,"Ich glaube, ich mache die Lara auch einen Antrag.",5nhnENjf2lA,404.75
172,uniform,etw. (Akk) verdienen,etwas verdienen means to earn something (money or income).,eine zweite Chance verdient,"Ich denke, Jan hat eine zweite Chance verdient.",7w_Y0Nn2FBE,59.326
173,uniform,etw. (Akk) wissen,etwas wissen means to know something.,weiß,"Ich weiß nicht, ob ich es dir erzählen kann.",y-fiIZWz3Bk,410.251
174,uniform,der Held,der Held means hero.,ein Held,Doch ich bleibe ein Held.,PUjcC-VJE7s,3.4955555555555553
175,uniform,etw. (Akk) an jdn. zahlen,etwas an jemanden zahlen means to pay something to someone (or to pay for something).,zahle an der Kasse,Ich zahle an der Kasse.,DGd2b3pSixw,735.669
176,uniform,etw./jdn. (Akk) haben,,hatte,"Er hatte gesagt, dass er einkaufen wollte.",LkufozluseI,5060.224761904763
177,uniform,"all, alle",,alle,Wir sind alle hier zum lernen.,JCf91HHEojg,421.89484615384623
178,uniform,die Bank,die Bank means the financial institution.,Bank 900.,"Punkt a. Wir überweisen 900 € für Miete, das heißt unser Buchungssatz lautet Mietaufwand an Bank 900.",34RchejaaPo,118.21387096774194
179,uniform,etw. (Akk) benutzen,etwas benutzen means to use something.,mit dem Dativ benutzt,Aber sie wird auch mit dem Dativ benutzt.,UJG0jUBGiRU,826.6799999999998
180,uniform,der Tag,der Tag means the period of daylight or a 24-hour day.,jeden Tag,Ein kleiner Schritt jeden Tag ist besser als ein großer Schritt einmal in der Woche.,uP_ernGddlA,711.32
181,uniform,jdn. (Akk) führen,jemanden führen means to lead someone or something.,ihn führt,"Das impliziert ja, dass es diesen einen Mann gibt, Wladimir Putin, russischer Präsident, der den Krieg allein begonnen hat und ihn alleine führt.",AVukppy9qRc,42.04
182,uniform,jdm. (Dat) etw. (Akk) sagen,jemandem etwas sagen means to tell someone something.,sage,"Dabei beschreibe ich einen Körperteil erst und sage dann, wie er auf Deutsch heißt.",KXKBogPrjV8,51.157499999999985
183,uniform,etw. (Akk) wollen,,wollen,"Was ist mit denen, die das Windrad nicht vor ihrer Tür haben wollen?",KYZkyrOc7FA,1056.6
184,uniform,die Mama,die Mama means mother/mom.,Mama,"Kein Problem, Mama und Papa!",jk5V7vFnqZc,274.945
185,uniform,etw. (Akk) mit etw. kombinieren,etwas mit etwas kombinieren means to combine something with something.,Bei einem Shift kombinieren sich sich,"Bei einem Shift kombinieren sich genetische Eigenschaften verschiedener Viren, wobei eine so wesentliche und abrupte genetische Veränderung auftritt, dass ein ganz neues Virus entsteht.",rt5ZtBfDrIs,408.92
186,uniform,jdm. (Dat) etw. (Akk) sichern,"jemandem etwas sichern means to secure something for someone (to obtain or guarantee rights, advantages, etc.).",gesichert,"Darum ist es so wichtig, dass der Radraum gut gesichert ist.",slyev-JfiyI,3008.96
187,uniform,ein paar,ein paar means a few.,paar,"Ich war vor ein paar Wochen wirklich besorgt, weil ich damit gerechnet hatte, dass mit den Lockerungen die Infektionszahlen wieder hochgehen.",De5FGogMWzQ,1313.36
188,uniform,etw. (Akk) für etw. ausgeben,etwas für etwas ausgeben means to spend something (money) for something.,eine Menge Geld ausgegeben,"Die haben ein tolles Produkt, aber das ist egal , denn die haben eine Menge Geld dafür ausgegeben.",98S3JDk_7Ww,728.728
189,uniform,der Schutz,der Schutz means protection.,Schutz,"Hier lag einst eine der größten keltischen Höhenfestungen, die den einheimischen Pikten bei Gefahr Schutz bot.",mS6gOaa5vYo,1079.0
190,uniform,jdn. (Akk) beruhigen,jemanden beruhigen means to calm someone down or to reassure someone.,dich beruhigen,Du musst dich endlich beruhigen.,3TwY5jtZJvM,3722.241126760563
191,uniform,etw./jdn. (Akk) lassen,etwas lassen means to let something happen or allow it.,lassen,Man könnte auch bestimmteDinge bestehen lassen.,zOUQZvm7c7E,717.32
192,uniform,etw. (Akk) tun,etwas tun means to do something.,eines tun,"Um möglichst lange zu überleben, kannst du nur eines tun: gar nichts.",3IpcM5gqRM4,342.883
193,uniform,jdn./etw. (Akk) / sich (Dat) etw. (Akk) anschauen,jemanden anschauen means to look at someone or something closely.,Schauen uns uns das an an,"Schauen wir uns das genauer an. Wie vorhin angesprochen, haben alle Diktaturen gemeinsam, dass es keine Gewaltenteilung gibt.",Ec_Nn0OiTRc,182.6
194,uniform,die Folge,die Folge means episode (of a TV show or series).,einer neuen Folge Mr.,In einer neuen Folge Mr.Wissen2go Exklusiv.,stq0ZB5HHyA,61.6
195,uniform,die Partie,die Partie means a chess or board game match.,die Partie,"Je nachdem, wie die Partie weitergeht.",7HLH8Q5FTwg,642.733
196,uniform,jdm. (Dat) etw. (Akk) geben,jemandem etwas geben means to give something to someone.,gibt eine enge wirtschaftliche Zusammenarbeit,Es gibt eine enge wirtschaftliche Zusammenarbeit.,w7cf0kaYvKE,527.68
197,uniform,der Gott,der Gott means God.,Gott,"Oh Gott, warum schlägt mein Herz auf einmal so stark, wenn ich an ihn denke?",oHJ57gROfmw,183.20054054054057
198,uniform,der Krieg,der Krieg means war.,der Krieg,"Und damit sind wir bei Folge zwei: Dass der Krieg in der Ukraine Auswirkungen auf die Weltwirtschaft hat, das merken wir momentan alle.",puEJwWdlYuY,356.92
199,uniform,die Sicherheit,die Sicherheit means safety.,die Sicherheit,"Für mich bedeutet, dass wir als Parlamentarier nutzen unsere Möglichkeiten, um den Frieden und die Sicherheit in Europa zu stärken.",zjLkTb2jQnw,856.7938888888889
200,uniform,etw./jdn. (Akk) haben,,habe,"Ich habe schon versucht, mit ihr darüber zu sprechen, aber es hat nichts gebracht.",QBWSyYeB5B8,107.455
201,uniform,das Auge,das Auge means eye.,zwei riesigen leeren Augen,Zusammen mit zwei riesigen leeren Augen hat der Mola immer einen dämlichen Gesichtausdruck.,-sNiIwGn46Y,191.93500000000003
202,uniform,etw. (Akk) organisieren,etwas organisieren means to organize something.,Sex mit russischen Mädchen organisiert,"Laut Recherchen des Spiegel soll Epstein geschrieben haben, er habe Sex mit russischen Mädchen für Gates organisiert.",RgwO0qVFW-Q,713.96
203,uniform,etw./jdn. (Akk) kennen,etwas kennen means to be acquainted with or to know someone/something.,kenne keine Albanerin,Ich kenne keine Albanerin namens Yara.,_i_1y_nSxCA,191.273
204,uniform,die Polizei,die Polizei means the police.,der Polizei,Kurz darauf geht ein Sonderkommando der Polizei in Trainingsanzügen und mit Sturmgewehren auf den Dächern rundum sowie auf dem besetzten Gebäude in Stellung.,lk019BF5RDI,367.84
205,uniform,etw./jdn. (Akk) haben,,haben,Nicht ohne Grund haben die USA im Zweiten Weltkrieg Stützpunkte auf Grönland errichtet und einen dieser Stützpunkte dann auch im sogenannten Kalten Krieg beibehalten.,-PlfwHI2ma0,585.44
206,uniform,etw. (Akk) machen,etwas machen means to do something or to make/choose someone for a role.,keinen Begriff machen,"Zeitungen wie das SPD-Blatt „Vorwärts“ zitieren Schilderungen aus Briefen von Soldaten: „Ihr könnt euch gar keinen Begriff in Deutschland davon machen, wie es hier aussieht.",3ZbKzL8od8s,712.56
207,uniform,etw./jdn. (Akk) verändern,etwas verändern means to change something.,verändert deine Gene,"Es verändert deine Gene, deine DNA und bringt auch noch sämtliche ande- re krebserregende Effekte mit sich.",XTMIomsXxKM,174.52
208,uniform,das Ende,das Ende means finally or in the long run.,Ende,"Ende der 1970er-Jahre wird Iran eine islamische Republik, in der die Geistlichkeit das Sagen hat und eine religiöse Diktatur errichtet.",IAD_fVFE6y8,356.64
209,uniform,die Insel,die Insel means island.,alle entlegenen Inseln,"Wir haben alle entlegenen Inseln besucht, die Arktis erobert und den Dschungel erforscht.",q6fgbYWsMgw,4.36
210,uniform,etw./jdn. (Akk) finden,etwas finden means to find something.,findet,Da findet ihr einige Dokumentationen aus der ZDF-Mediathek verlinkt.,LGIMpZnfP-E,660.6
211,uniform,das Thema,das Thema means topic.,diesem heiklen Thema,"Danke euch, dass ihr bei diesem heiklen Thema fair bleibt in den Kommentaren, danke fürs Zuschauen und bis zum nächsten Mal.",_EJLZxZR-_M,964.52
212,uniform,"eben, ebend",eben means exactly/as expected/just now.,eben,"Und wenn man Letztere anhand von starker Evidenz erkennt, dann ist man hier klug beraten, eben doch auf die Wissenschaft zu hören.",ptJ-42ME3f8,1557.52
213,uniform,der Dank,der Dank means thanks/thankfulness.,Vielen Dank,Vielen Dank für Ihr Verständnis.,PFsFOWjW33A,556.21
214,uniform,etw. (Akk) benutzen,etwas benutzen means to use something.,benutzen die,"Wenn diese Dokumente auftauchen, benutzen wir die auch. allein damit unsere andere Blätter nicht Hofberichterstattung unterstellen.",_kl4oeGNxVI,2891.072727272727
215,uniform,der Bundestag,der Bundestag means the German federal parliament.,des Bundestags,Die wichtigste Aufgabe des Bundestags ist aber: Gesetze beschließen.,Mk2PSAgkYNU,40.0
216,uniform,etw./jdn. (Akk) lassen,etwas lassen means to let something happen or allow it.,sich sich lassen,"Mao nutzt diese Zeit und die militärischen Fehler seiner Konkurrenten, um sich 1943 auch offiziell zum Vorsitzenden der Kommunistischen Partei wählen zu lassen.",eHVHjYmYQ5U,215.04
217,uniform,das Militär,das Militär means the armed forces or the military as an institution.,Militär,"In der Weimarer Republik bekleiden Personen aus diesen Kreisen oft einflussreiche Posten, etwa als Richter oder im Militär.",tDI4SxeoH6k,131.76
218,uniform,der Nachbar,der Nachbar means neighbor.,ihre neuen Nachbarn,Sie wollte ihre neuen Nachbarn kennenlernen.,BrTWUh8kUec,390.093
219,uniform,jdm. (Dat) etw. (Akk) sagen,jemandem etwas sagen means to tell someone something.,mir gesagt,"Nein, er hat mir gesagt, er ist zu Hause.",8vhAcpQejSA,484.75
220,uniform,der Tag,der Tag means the period of daylight or a 24-hour day.,Tag,Ausfahrt Tag und Nacht freihalten!,o-L4Ha843I0,10.123
221,uniform,der Job,der Job means a paid position of employment.,Job,"Wie geht ihr mit Stress im Job um? Habt ihr spezielle Routinen oder Techniken, die euch helfen, im Alltag die Ruhe zu bewahren?",Tt5DYoKSKGQ,1093.5367741935486
222,uniform,das Wort,das Wort means word.,Das Wort Geschmäckle,"Das Wort “Geschmäckle” kommt aus dem süddeutschen Sprachraum, genauer gesagt aus dem Schwäbischen.",xKB21l3klHo,515.76
223,uniform,die Wohnung,die Wohnung means apartment.,ihre früheren Wohnungen,"In ihre früheren Wohnungen ziehen nichtjüdische ""Mitbürger"" ein.",pFo2kXMqa98,318.2
224,uniform,etw./jdn. (Akk) haben,,hat,Sie hat also “neun” gesagt oder auch “sieben”.,UyJEBGjch2g,306.2294736842106
225,uniform,der Mensch,der Mensch means person/people.,den Menschen,Und wie sollte den Menschen geholfen werden?,ZVBxklE6o-I,684.6
226,uniform,jdm. (Dat) erscheinen,jemandem erscheinen means to seem to someone.,erscheint,"Vielleicht löschen sie das Universum selbst. (Böses Lachen) (Fröhliche Musik) Ein schwarzes Locher erscheint, wenn eine unfassbare Menge Materie auf ganz kleinem Raum konzentriert ist.",VOYuMywDnXI,15.233
227,uniform,die Handlung,die Handlung means action.,Handlung,"Im geschlossenen Drama gilt die Einheit von Handlung, Zeit und Ort.",rh5MUxhUUEE,519.4
228,uniform,die Antwort,die Antwort means answer.,Eine Antwort,"Eine Antwort darauf gibt US-Präsident Donald Trump vor den Kameras, oder genauer gesagt vor einer Kamera.",fvMbJHASc5o,279.44
229,uniform,der Student,der Student means student.,Studenten,"Aber das stimmt so auch nicht, denn wir führen uns vor Augen, es sind junge Menschen, die die Grünen wählen, Studenten, Abiturienten und andere.",mjak9u_sdRY,400.96
230,uniform,das Parlament,das Parlament means parliament.,das Parlament,"Es hat nur eine Woche gedauert, bis dieses Gesetz tatsächlich durch das Parlament gegangen ist.",f0f4jC56MTs,214.96
231,uniform,der Herr,der Herr means Mr.,Herr Kunze,"Ok, vielen Dank, Herr Kunze!",xdSbZ4YyGqE,397.251
232,uniform,"der Teil, das Teil",der Teil means part.,welchen Teilen,"Das heißt, aus welchen Teilen wird sie bestehen.",i4YRCtzi_B0,408.3421428571429
233,uniform,etw./jdn. (Akk) halten,etwas halten means to think or consider something/someone in a certain way.,Anteile hält,"Außerdem möchte er die USA unabhängiger von China machen und verbieten, dass China Anteile an lebenswichtiger Infrastruktur in den USA hält.",4K-7BSnfm78,781.4
234,uniform,etw./jdn. (Akk) finden,etwas finden means to find something.,Yara finden,"Vielleicht kann er uns helfen, Yara zu finden.",Ged11_KhtWc,576.134
235,uniform,die Produktion,die Produktion means production.,die Produktion,"Kurz nach Bekanntwerden der Vorwürfe hat Volkswagen sogar angekündigt, die Produktion dort auszuweiten.",l6n5EmaQlVA,457.96
236,uniform,jdn. (Akk) erschießen,jemanden erschießen means to shoot someone (kill them with a firearm).,keine erschossen,"Ich habe sehr viele Fakten und alle Fakten sagen mir, dass Lee keine die erschossen hat.",KLDG8XvcQWw,3842.611219512194
237,uniform,der Mund,der Mund means mouth.,dein Mund,"Gut, dein Mund hast du ja schon mal trainiert, Cheer.",3TwY5jtZJvM,1277.5097435897435
238,uniform,die Quelle,die Quelle means source.,den Quellen,"In den Quellen ist immer die Rede davon, dass ungeheure Massen an Wikingern angreifen.",KE8j-fOZidQ,504.48
239,uniform,etw./jdn. (Akk) erreichen,etwas erreichen means to contact someone or make contact with them.,der Atompilz eine Höhe erreichte,"Ihre Explosion war so gewaltig, dass die Druckwelle etwa dreimal die Erde umrundete und der Atompilz eine Höhe von 64 km erreichte.",SorIEgajNd0,69.28
240,uniform,"all, alle",,allem,"Denn dass die CDU tatsächlich mit dem BSW koaliert, dürfte vor allem in den westdeutschen Bundesländern bei den Mitgliedern nicht gut ankommen.",GDKjxv78PWI,658.48
241,uniform,jdn./etw. (Akk) wählen,jemanden wählen means to elect someone (to office).,beim letzten Mal Biden gewählt,"Die Leute, die beim letzten Mal Biden nur deshalb gewählt haben, weil er eben nicht Trump ist, könnten dieses Mal nicht mitmachen.",LduT5XIVt_U,520.92
242,uniform,jdm. (Dat) gehören,gehört means heard.,gehört,Dazu gehört sie noch heute.,3ZEhLpSjHZk,545.76
243,uniform,etw. (Akk) spielen,"etwas spielen means to play (a game, instrument, or activity).",eine große Rolle spielt bei dem,"Und ich bin der Meinung, dass diese Person oder Gruppe, mit der er gesprochen hat, eine große Rolle spielt bei dem, was er gemacht hat.",LhIV_MhdhuE,597.44
244,uniform,etw. (Akk) tun,etwas tun means to do something.,tut mir,"Oh Gott, es tut mir leid, Schatz.",uD8pyhyeGMk,342.625
245,uniform,das Geschäft,das Geschäft means shop.,dem Geschäft,"Dann sind sie dieselbe Route zurückgefahren, ehe sie den Krankenwagen an dem Geschäft stehen ließen.",2L8DYY1gmXs,4764.1
246,uniform,der Bundestag,der Bundestag means the German federal parliament.,Bundestag,"Und im Bundestag wird an etwas geschraubt, das nach Zukunft klingt.",OdHj-8ngOT0,1800.8
247,uniform,"gern, gerne",gern means willingly or with pleasure.,gerne,"Ihr könnt gerne in mein Buch schauen, das heißt ""Verrückte Geschichte"".",FoTcT_yU9FM,934.56
248,uniform,etw./jdn. (Akk) haben,,hat,"Die hat in einer Pressekonferenz 2020 gesagt, dass sie nicht glaubt, dass es so bleibt, wie's jetzt ist.",yeaNw2HiSwk,860.84
249,uniform,etw. (Akk) verwenden,etwas verwenden means to use something.,verwendet,"Ich denke, das liegt unter anderem daran, dass der Begriff ""Depressionen"" im Alltag häufig missverständlich verwendet wird.",mKlga_U3pmI,105.44
250,uniform,mit jdm. / über etw./jdn. sprechen,mit jemandem sprechen means to speak with someone.,sprechen,"Sie können sich gut ausdrücken, fließend sprechen und man hört ihnen einfach sehr gerne zu. Diese Personen sind eloquent.",kC4ISShpZhE,262.24303797468355
251,uniform,jdm. (Dat) etw. (Akk) schreiben,jemandem etwas schreiben means to write something to someone (or to write a letter/message).,schreibt in die Kommentare,"Also, wenn ihr Themenvorschläge für nächste Videos habt, schreibt sie gerne in die Kommentare.",-NMs56pQ9EE,898.44
252,uniform,jdm. (Dat) etw. (Akk) bedeuten,jemandem etwas bedeuten means to mean something to someone.,bedeutet,"Aber es bedeutet, etwas Kompliziertes zunächst mit einer nützlichen Vereinfachung zu erklären.",_aWSE2TqRn0,38.663
253,uniform,etw. (Akk) einschlagen,etwas einschlagen means to crash or strike down.,die Signale schlagen zum Gehirn ein,"Jedenfalls, die Signale von diesen Nozizeptoren, egal von wo sie kommen, schlagen alle dieselbe Route zum Gehirn ein.",CgGITxbcA1o,259.32
254,uniform,der Herr,der Herr means Mr.,Herr Kunze,"Sie sind dran, Herr Kunze!",BtEaCm4OU5s,354.955
255,uniform,der Hafen,der Hafen means harbor/haven.,den Hafen,"Die Nevada, die beim ersten Angriff beschädigt wurde, konnte sich in den Hafen manövrieren, wird aber erneut mehrfach von den japanischen Bombern getroffen.",6j7502LJKcU,3783.5211428571424
256,uniform,das Bild,das Bild means image.,fehlende Bilder,Also fehlende Bilder die unabsichtlich mit aufgezeichnet wurden z.B fällt dir im Nachhinein auf dass du eine zeitlubensequenz aus 25 Frames Material erstellen möchtest.,hG74y-GbtRA,972.4757575757575
257,uniform,etw./jdn. (Akk) haben,,hat,Sie hat dort eine Ausbildung zur Flugbegleiterin gemacht.,LQw0ss4ixsY,212.517
258,uniform,etw./jdn. (Akk) haben,,habt diese ganze Sache,"Ihr habt es bestimmt mitbekommen, diese ganze Sache hier.",De5FGogMWzQ,33.16
259,uniform,das Gefühl,das Gefühl means feeling or intuition.,dieses Gefühl,"Ich möchte dieses Gefühl nicht nur für die nächsten Monate oder Jahre haben, sondern für den Rest meines Lebens.",vgH0qWtM920,546.373273381295
260,uniform,der Staat,der Staat means the government or the state as a political entity.,die einzelnen Staaten,"Denn die einzelnen Staaten entscheiden, wie gesagt, selbst, was sie tun und was sie lassen wollen.",AnlPAnneitY,158.2
261,uniform,etw. (Akk) meinen,etwas meinen means to mean something.,meine,"Genau das meine ich, Willie.",_l5a2PJG60s,723.097
262,uniform,die Mama,die Mama means mother/mom.,Deine Mama,"Deine Mama ist hier, Lisa.",uD8pyhyeGMk,696.333
263,uniform,die Frucht,die Frucht means fruit.,Früchte,"Nur Früchte und Zucker, also kein Problem.",EKhS5JC8BEk,1030.896
264,uniform,etw. (Akk) verarbeiten,etwas verarbeiten means to process (an emotional experience).,verarbeitet,Fleisch hat noch einen großen Vorteil: Einige der Nährstoffe im Fleisch können schneller verarbeitet und genutzt werden als die in Pflanzen.,q6YkYx7-Y_k,112.08
265,uniform,mit jdm. / über etw./jdn. sprechen,mit jemandem sprechen means to speak with someone.,spreche mit meinen Freunden,"Ich spreche oft mit meinen Freunden über Afrika und ich sage Ihnen, dass wir dort viel Geld verdienen können.",Dtf3SQY04B8,1491.22
266,uniform,etw./jdn. (Akk) haben,,hat,Dieses Mal hat man kaum etwas darüber gehört.,X4BzEfN_3MI,400.2
267,uniform,jdm. (Dat) etw. (Akk) / etw. (Akk) abziehen,jemandem etwas abziehen means to subtract or deduct something.,ziehen die Nub ab ab,"Aber muss schnell sein, ja? Ja, wir ziehen die Nub schnell ab. Genauso das wollte ich hören, Controller Queen.",4eHUfuF5MRk,108.888
268,uniform,etw. (Akk) machen,etwas machen means to do something or to make/choose someone for a role.,was macht,"Da ist sehr viel schief gelaufen und man hat den Eindruck bekommen, da weiß der eine nicht, was der andere macht.",ZSMvWosDDmw,530.24
269,uniform,die Frage,die Frage means question.,Eine zentrale Frage,Eine zentrale Frage würde sein: Wer gilt denn eigentlich als bayrischer Staatsbürger?,POU5TGGiNVQ,409.44
270,uniform,die Million,die Million means million.,Millionen Menschen,Mindestens acht Millionen Menschen sterben.,Kt6QoiZ4mQs,937.08
271,uniform,das Thema,das Thema means topic.,großes Thema,"Herr Huizinga, die Abnehmspritze, großes Thema in den letzten Wochen und Monaten, auch von den Medien extrem hochgespielt.",RoaPmJTjLuA,1018.48
272,uniform,jdm. (Dat) etw. (Akk) reichen,etwas reicht nicht means something is insufficient or not enough.,reicht,"Ja, eine kurze E-Mail reicht aber.",UPcn0kz0lr0,932.765
273,uniform,etw. (Akk) wollen,,will,Das will ich einmal vorweg sagen.,ca4CuIj_U9w,5875.951818181818
274,uniform,die Leute,die Leute means people.,Leuten,"Ich gehe in Museen und in französische Filme und werde mit Leuten reden, die viel Ahnung von allem haben.",oo-MyTJjVZ4,516.72
275,uniform,die Bewertung,die Bewertung means review or evaluation.,Kritische Bewertungen,Kritische Bewertungen finden wir so gut wie gar keine.,Dmhm8dTn2nY,141.52
276,uniform,etw. (Akk) können,,könnte,Auch dieses Mal könnte die Regierung auf die Opposition zugehen und nach Unterstützung fragen.,Mt0wAFkRzlI,903.24
277,uniform,die Geschichte,die Geschichte means story.,eine andere Geschichte,"Während sich absurde Ideen in der Wissenschaft nur schwer durchsetzen, ist es in den Medien eine ganz andere Geschichte.",Nn2rJrKwENI,602.32
278,uniform,jdm. (Dat) etw. (Akk) geben,jemandem etwas geben means to give something to someone.,das in Japan gibt,"Probier vielleicht etwas, das es in Japan nicht gibt. -Alle. -Alle?",9rkoFS7K6SY,313.66
279,uniform,etw. (Akk) können,,können,Dann können wir es prüfen.,1_Sne_JjXLU,1631.546
280,uniform,von etw. ausgehen,von etwas ausgehen means to go out (for entertainment).,ausgehen,Man kann nicht ausgehen und knallen.,98S3JDk_7Ww,1081.33
281,uniform,jdn./etw. (Akk) kontrollieren,jemanden kontrollieren means to control someone or something.,kontrolliert,"Wenn es einen Totalausfall gibt, wird das Trinkwasser nicht mehr automatisch kontrolliert.",DAe5BuOQCSM,441.84
282,uniform,etw./jdn. (Akk) lassen,etwas lassen means to let something happen or allow it.,für sich lassen,Die alle anderen für sich haben arbeiten lassen.,x0WbGMS3cHE,125.433
283,uniform,auf jdn./etw. (Akk) zutreffen,auf jemanden zutreffen means to apply to someone.,zutreffen,"Aber egal welche Gründe jetzt zutreffen oder nicht, klar ist, Drogen sind in den meisten Ländern auf der Welt zu einem großen Teil verboten.",u7YEFl63xXc,355.56
284,uniform,etw./jdn. (Akk) finden,etwas finden means to find something.,Außer finden eine Niere,Außer wir finden eine Niere für Sie.,PQueNUkAZJ4,530.458
285,uniform,die Datei,die Datei means a digital file.,die Dateien,"Solltest du die Dateien also irgendwann mal aus Versehen löschen oder verschieben, dann findet CapCut sie nicht mehr wieder.",Qd7JsVjaKSI,95.4895238095238
286,uniform,die Straße,die Straße means street.,die Straße,Oder indem sie bei Fridays for Future auf die Straße gehen.,4K2Pm82lBi8,1438.92
287,uniform,der Freund,der Freund means friend.,mein Freund,"Inshallah, mein Freund, so Gott will.",Nsc9siYOMNE,1680.2
288,uniform,etw. (Akk) können,,können,Denn damals können die Menschen noch nicht Architektur studieren.,iy9Dpimk2PI,78.32
289,uniform,der Euro,der Euro means the euro (the currency).,137.000 Euro,Durch den Digitalpakt würden laut Bundesbildungsministerium jede Schule eine Finanzspritze von ca. 137.000 Euro bekommen.,BQpbIjXESwE,166.0
290,uniform,das Krankenhaus,das Krankenhaus means hospital.,das Krankenhaus,Wir müssen sofort das Krankenhaus evakuieren.,Z2zXDdFzofQ,296.0
291,uniform,"all, alle",,all,Aber was sind die Unterschiede zwischen all diesen Wörtern und wie benutzt man sie?,IAWGZlRouds,9.967384615384614
292,uniform,etw. (Akk) gewinnen,etwas gewinnen means to win something.,gewinnt mit 2:1.,Und dort gewinnt die Mannschaft gegen die Niederlande mit 2:1.,EBbiNn3agRA,610.56
293,uniform,die Sekunde,die Sekunde means second (a unit of time).,jede Sekunde,"Vielleicht wurde dein Schicksal also nicht beim Urknall besiegelt, sondern jede Sekunde neu.",C7YSy-Mr-d8,268.576
294,uniform,etw. (Akk) akzeptieren,etwas akzeptieren means to accept something (to tolerate or admit it).,als Allgemeinwissen akzeptiert,"Es schien, als wäre die Zahl einfach als Allgemeinwissen akzeptiert.",4bQ_MwQfGd0,82.72542424242424
295,uniform,der Mensch,der Mensch means person/people.,die Menschen,"Petrus stand auf, als die Menschen sich versammelten.",MOPtwh8qKYE,1140.76
296,uniform,etw. (Akk) können,,Bei ner kleinen Streuung kann,Bei 'ner kleinen Streuung kann die Stichprobe auch klein sein.,M0VpTjZL57U,400.04
297,uniform,"eben, ebend",eben means exactly/as expected/just now.,eben,Mm. Da war es ja eben auch schon köstlich.,sX4iEeFVuL8,1232.295135135135
298,uniform,die Unsicherheit,die Unsicherheit means uncertainty.,Unsicherheit,"Ausdruck 12: eine Auseinandersetzung scheuen Bedeutung: einen Konflikt, Streit oder eine offene Diskussion vermeiden, oft aus Angst oder Unsicherheit.",2alrYKqn_mE,1374.84
299,uniform,der Soldat,der Soldat means soldier.,Deutsche Soldaten,Deutsche Soldaten brennen Dörfer nieder.,zFvgohEKFHs,312.76
300,uniform,etw. (Akk) bei jdm. abgeben,"etwas bei jemandem abgeben means to give something to someone (often implying handing over, surrendering, or transferring possession).",größere Teile abgeben,"Ein Schwerpunkt dieser Umverteilung ist, dass Konzerne künftig größere Teile ihrer Gewinne abgeben müssen, in Form von Steuern.",qGxHMjai01g,962.36
301,panel,etw./jdn. (Akk) haben,,habe,Doch dann war ein Interesse da. Zum Glück habe ich das früh genug bemerkt.,-5ADRpG7Tt8,209.29
302,panel,etw./jdn. (Akk) haben,,hat,"Frank hat mich auch zu Hause besucht, aber dazu später mehr.",keEKlr2dG-I,397.52
303,panel,etw./jdn. (Akk) haben,,haben,Und da haben sie natürlich einen höheren Nutzungsgrad genommen von 260 % und kommen dann auf 12.980 Kilowattstunden pro Jahr.,1nnKydcqmDI,874.92
304,panel,etw. (Akk) können,,kann,Sie kann mir nicht widerstehen.,JjumhnExzY4,505.083
305,panel,etw. (Akk) können,,können,"Bisher wissen wir eigentlich nur: Das heißt, Geimpfte können andere immer noch anstecken, aber: Wir wissen nur nicht, wie viel.",a_NpJU12_LA,1177.56
306,panel,etw. (Akk) können,,können,Da können wir auch keine Landwirtschaft betreiben.,dWWkxJSJ9fY,325.2
307,panel,jdm. (Dat) etw. (Akk) geben,jemandem etwas geben means to give something to someone.,Was gibt zum Essen,Was gibt es zum Essen bei Lisa?,5ByjOu_e6_U,632.333
308,panel,jdm. (Dat) etw. (Akk) geben,jemandem etwas geben means to give something to someone.,Gibt tragische Unfälle,"Gibt es tragische Unfälle, bei denen jemand von seinem Gurt getötet wird?",4E0dwFS72gk,521.32
309,panel,jdm. (Dat) etw. (Akk) geben,jemandem etwas geben means to give something to someone.,gibt kerngesunde Menschen,"Also es gibt kerngesunde Menschen mit hohem BMI, es gibt Menschen mit Typ-2- Diabetes und niedrigem BMI.",4r4Qg5SPbI4,677.0
310,panel,jdm. (Dat) etw. (Akk) sagen,jemandem etwas sagen means to tell someone something.,mir mir gesagt,"Da hab ich mir gesagt, ich muss mein Verhältnis auch nochmal überdenken und lass es jetzt laufen.",T3F2RD7ZVtw,582.411
311,panel,jdm. (Dat) etw. (Akk) sagen,jemandem etwas sagen means to tell someone something.,Baalbek uns sagt,"Ein philosophischer Zusatz, ganz kurz: Was Baalbek uns tatsächlich sagt, geht über den Trilithon hinaus.",NTOAGb2X6_o,4563.44
312,panel,jdm. (Dat) etw. (Akk) sagen,jemandem etwas sagen means to tell someone something.,gesagt,"Vorhin haben Sie gesagt, Sie haben echt 3 Leben parallel geführt.",MHjZ-4z8do8,1177.72
313,panel,etw. (Akk) machen,etwas machen means to do something or to make/choose someone for a role.,machen viele Deutsche zu Mittätern,Genau so machen die Nazis viele Deutsche zu Mittätern.,dD4y3B27VMM,743.16
314,panel,etw. (Akk) machen,etwas machen means to do something or to make/choose someone for a role.,was machen,"Man weiß gar nicht, was man machen soll, weil etwas richtig Schlimmes passiert ist.",yfm_9UKzPg4,430.1128358208956
315,panel,etw. (Akk) machen,etwas machen means to do something or to make/choose someone for a role.,machen Russland,"Donald Trump sagt deshalb: Wenn wir uns Grönland nicht nehmen, dann machen es Russland oder China.",Q0uFqATnGTM,261.68
316,panel,"all, alle",,alle,"Erstens, die reichen Leute gucken alle so vergriest, die sind alle so schlecht gelaunt, ich weiß gar nicht warum, ehrlich gesagt.",T3F2RD7ZVtw,1174.494
317,panel,"all, alle",,alles,"Dann kann der Bundespräsident sagen: Okay, das ist alles total unsicher und so. Es muss Neuwahlen geben und zwar innerhalb von 60 Tagen.",6GiiP5ZXe4s,395.9
318,panel,"all, alle",,all,Doch all das war Hitler und seinen Kumpanen in Berlin nicht genug.,6j7502LJKcU,7571.92
319,panel,etw. (Akk) wollen,,will,"Die RAF will den Staat dazu bringen, dass er seine rechtsstaatlichen Prinzipien über Bord wirft.",iDyR4jfnW20,502.15
320,panel,etw. (Akk) wollen,,wollt,"Wenn ihr mehr über das antike Griechenland erfahren wollt, schaut in dieses Video rein. da gibt's viele Infos.",RrR24OdYEXs,188.72
321,panel,etw. (Akk) wollen,,wollen,"Wie gesagt, ich würde niemandem vorgeben wollen, wie sie oder er zu schreiben hat.",1h_jPCsBGNk,828.48
322,panel,etw./jdn. (Akk) sehen,etwas sehen means to perceive with the eyes or to notice.,es sehen,Du wirst es schon sehen.,6w4tQLIcgog,28.698
323,panel,etw./jdn. (Akk) sehen,etwas sehen means to perceive with the eyes or to notice.,über die ein Video auf meinem Kanal sehen,"Und wenn es Verben gibt, über die ihr gerne ein Video auf meinem Kanal sehen möchtet, schreibt mir gerne einen Kommentar.",WyeyiX97oP0,1085.22
324,panel,etw./jdn. (Akk) sehen,etwas sehen means to perceive with the eyes or to notice.,sehen uns uns in 2 Wochen,Deswegen sehen wir uns in 2 Wochen.,3z0gnXgK8Do,1338.92
325,panel,das Jahr,das Jahr means year.,zwei Jahren,"So wie vor zwei Jahren, bei der namentlichen Abstimmung zur Flüchtlingsunterkunft in Prenzlau.",oZlJeK-AacE,2201.8
326,panel,das Jahr,das Jahr means year.,Jahr 2014,Im Jahr 2014 wurden sowohl Truus als auch Freddie für ihren Einsatz im Zweiten Weltkrieg vom niederländischen Ministerpräsidenten mit dem Mobilisierungskreuz ausgezeichnet.,ccfsN6nuAOs,717.69
327,panel,das Jahr,das Jahr means year.,Jahr 2000,"Das Personal ist von weit mehr als 300.000 aktiven Soldaten im Jahr 2000, inklusive Grundwehrdienstleistenden, auf inzwischen rund 180.000 Soldaten geschrumpft.",4h3w-IPhKaY,182.6
328,panel,etw. (Akk) wissen,etwas wissen means to know something.,ihr aus unserem Video wisst,"Wie ihr bereits aus unserem Video über Eulen und Lärchen, also Spät- und Frühaufsteher wisst, stellt Licht unsere innere Uhr.",R6T_NCczXLY,390.72
329,panel,etw. (Akk) wissen,etwas wissen means to know something.,wissen,Wir wollen mal wissen: Wie gut wissen die Wiesn-Besucherinnen Und Wiesn-Besucher Bescheid über die Geschichte dieses Festes hier.,xR44_JqDPFw,26.72
330,panel,etw. (Akk) wissen,etwas wissen means to know something.,weiß wie,Ich weiß aber nicht wie.,CZnQFR9BL18,160.379
331,panel,der Mensch,der Mensch means person/people.,Menschen,"Menschen, die vor 35 mit dem Rauchen aufhören, sterben nicht früher als Nichtraucher.",_bWjmkmxS3M,575.2106666666665
332,panel,der Mensch,der Mensch means person/people.,Tausend Menschen,Währenddessen sterben weiter viele Tausend Menschen.,A5K_hGOVs6M,517.36
333,panel,der Mensch,der Mensch means person/people.,der Menschen,"Und zwar nicht durch eine Reformation der Institutionen, sondern eine Reformation des Denkens und Fühlens der Menschen.",nXmJwPj6c9s,647.528
334,panel,etw./jdn. (Akk) finden,etwas finden means to find something.,Den Link findet in der Infobox,Den Link findet ihr unten in der Infobox.,FxV20b8bnT0,728.0136363636364
335,panel,etw./jdn. (Akk) finden,etwas finden means to find something.,was finden,"Dann machen wir auf und gucken in die Wohnung, ob wir was finden, was uns oder dem Gläubiger weiterhilft.",DibNfVSpuGg,302.48
336,panel,etw./jdn. (Akk) finden,etwas finden means to find something.,die Awards finde,"Deswegen möchte ich heute nicht auf ethischer Ebene rumheulen, warum ich die Awards geschmacklos finde, sondern das Ganze rein wissenschaftlich angehen.",zTLflri1TRM,137.12
337,panel,das Video,das Video means video.,Das Video,Das Video gibt es nicht mehr.,AZpPKf59aBI,286.638
338,panel,das Video,das Video means video.,Videos,"Im Netz tauchen Videos auf, in denen Männer sozusagen von der Straße weg gegen ihren Willen eingesammelt werden.",BZVRgZ5Dg68,617.6
339,panel,das Video,das Video means video.,Das nächste Video,Das nächste Video wird das beste bis jetzt.,k7FWuyJtWcs,526.38
340,panel,etw. (Akk) tun,etwas tun means to do something.,das tut,"Ob er das wirklich tut, ist umstritten.",_hcvUfc2Lww,251.4
341,panel,etw. (Akk) tun,etwas tun means to do something.,Das tun zum einen,"Das tun wir zum einen, indem wir diese Menschen tracken über eine App oder über einen GPS-Logger.",G3SEEdNapfU,143.82
342,panel,etw. (Akk) tun,etwas tun means to do something.,viel tun,"Von nichts kommt nichts.” Also: Man muss sich anstrengen und viel dafür tun, um so gut Klavier zu spielen.",gVKJIDL3-FI,285.8901694915253
343,panel,jdm. (Dat) stehen,jemandem stehen means to suit someone (in terms of appearance or style).,steht,"Da steht, dass ich noch 22,06€ habe.",VjTd2EsgkHM,183.60522105263158
344,panel,jdm. (Dat) stehen,jemandem stehen means to suit someone (in terms of appearance or style).,steht ihr zur Beschneidung,Und wie steht ihr zur Beschneidung bei Jungen?,CzsTk_JRj80,1025.84
345,panel,jdm. (Dat) stehen,jemandem stehen means to suit someone (in terms of appearance or style).,steht,"Es sollte keinen Unterschied machen, ob ein Argument auf einem neutralen Blatt Papier geschrieben steht oder ob eine Person dieses Argument vorträgt.",4K2Pm82lBi8,1263.76
346,panel,mit jdm. / über etw./jdn. sprechen,mit jemandem sprechen means to speak with someone.,über alles sprechen,"Das heißt, wir können wirklich über alles sprechen, was uns interessiert, deswegen ist das wirklich nicht so schwierig.",xnqTeFypXjk,1123.1
347,panel,mit jdm. / über etw./jdn. sprechen,mit jemandem sprechen means to speak with someone.,In dieser Folge sprechen,"In dieser Folge sprechen wir darüber, wie ihr auf Deutsch über euch selbst sprechen könnt.",i_TIn1ZYJH4,24.612
348,panel,mit jdm. / über etw./jdn. sprechen,mit jemandem sprechen means to speak with someone.,sprechen,Darüber sprechen wir jetzt. (Lockere Musik) (Abfallende Töne) Das hier ist Hunter Biden. 53 Jahre alt und Sohn des amtierenden US-Präsidenten Joe Biden.,2o3yqD1gJgo,66.4
349,panel,das Beispiel,das Beispiel means example.,Beispiel,"Etwa, indem es schlechte Erinnerungen einfach löscht oder Charakterzüge verändert, zum Beispiel Neid, Sucht oder Faulheit.",hHvIrQKy90w,652.7
350,panel,das Beispiel,das Beispiel means example.,Beispiel,"Als Beispiel: Ich weiß, dass Lena gerne mit Tim spielt, weil er ihr bester Freund ist.",2dvXpCSK4-Y,271.76083333333327
351,panel,das Beispiel,das Beispiel means example.,Beispiel,"Obwohl Preußen zum Beispiel im August 1759 bei Kunersdorf gegen die Österreicher und Russen eine schwere Niederlage einsteckt, scheidet es nicht aus dem Krieg aus.",9-c1z6ra8Lk,333.56
352,panel,"selbst, selber",selbst means oneself / by oneself.,selbst,Eigentlich können das nur die Forscher und Wissenschaftler selbst.,BFmsurpE-Ho,322.6911627906977
353,panel,"selbst, selber",selbst means oneself / by oneself.,selbst,"Ich hab nicht gefragt, frag sie doch selbst.",GTpa2G5TPII,5828.427
354,panel,"selbst, selber",selbst means oneself / by oneself.,selbst,"Die Unis sind selbst überfordert, kriegen's organisatorisch nicht hin.",blktjPp2E6A,381.4
355,panel,die Zeit,die Zeit means the indefinite duration in which events occur.,viel Zeit,Zehn Minuten ist nicht viel Zeit.,YjKKy361zZ0,635.32
356,panel,die Zeit,die Zeit means the indefinite duration in which events occur.,mehr Zeit,"Und mit ""überreagieren"" meine ich, wir müssen der Sache einfach noch mehr Zeit geben.",98S3JDk_7Ww,1777.734
357,panel,die Zeit,die Zeit means the indefinite duration in which events occur.,Zeit,Es wird langsam Zeit loszufahren.,fYgLgD-LrL4,129.062
358,panel,das Land,das Land means country.,Land,Denn nach zahlreichen Lebensmittelskandalen wächst der Unmut im Land.,nL_78p6kljg,1472.76
359,panel,das Land,das Land means country.,Land,Die Hoffnung auf eine Veränderung im Land ist groß.,ujGSxTlRnOc,148.28
360,panel,das Land,das Land means country.,ein eigenes Land,"Der Süden Sudans wollte auch schon vor der Unabhängigkeit komplett eigenständig werden, ein eigenes Land.",l7eGIVjeo0k,209.16
361,panel,etw. (Akk) bekommen,etwas bekommen means to receive or obtain something.,bekam von dieser Bank ein Schreiben,Die Mandantin bekam von exakt dieser Bank ein Schreiben.,2YnZu0ql_14,1613.8
362,panel,etw. (Akk) bekommen,etwas bekommen means to receive or obtain something.,ein Kind bekommen,"Und was wäre, wenn wir zusammen ein Kind bekommen hätten?",GTpa2G5TPII,5997.168
363,panel,etw. (Akk) bekommen,etwas bekommen means to receive or obtain something.,reinen Stoff bekommen,"Und vor allen Dingen möchte man dafür sorgen, dass die Menschen reinen Stoff bekommen und nichts Verunreinigtes.",sNKHvL_86oc,535.04
364,panel,etw./jdn. (Akk) brauchen,etwas brauchen means to need something.,brauche eine gute Note,Ich brauche unbedingt eine gute Note.,ei16eEqGZgU,1181.34
365,panel,etw./jdn. (Akk) brauchen,etwas brauchen means to need something.,braucht,"Sie sind einfach entschlossen, die Sache öffentlich zu machen, aber deswegen braucht man sich nicht besoffen zu reden.",Vb9df_r0pZo,4662.612376623379
366,panel,etw./jdn. (Akk) brauchen,etwas brauchen means to need something.,brauchte eine andere Herausforderung,"Und ich brauchte eine andere Herausforderung, weil ich dachte, die Alpen ist was anderes als Jakobsweg.",TqQwdRQRT-4,3763.56
367,panel,jdm. (Dat) etw. (Akk) bedeuten,jemandem etwas bedeuten means to mean something to someone.,bedeutet,"Zum Beispiel das Verb ""zurechtschneiden"": Das bedeutet, dass man etwas so schneidet, dass es die richtige Form oder Größe hat.",2FWp-_sYKsg,75.3
368,panel,jdm. (Dat) etw. (Akk) bedeuten,jemandem etwas bedeuten means to mean something to someone.,was für die Gesundheit bedeutet,"Stellt euch mal vor, was das für die Gesundheit der Menschen bedeutet.",JmD6DlJOdXo,308.91
369,panel,jdm. (Dat) etw. (Akk) bedeuten,jemandem etwas bedeuten means to mean something to someone.,bedeutet,"Das bedeutet, dass Oswald, als er nach Russland ging, kein echter Überläufer war.",KLDG8XvcQWw,3875.3538461538456
370,panel,"gern, gerne",gern means willingly or with pleasure.,gerne,"Wer im Schichtdienst arbeitet, gerade ein kleines Baby hat oder gerne mal eine Nacht durchfeiert, der weiß, Schlafmangel ist grausam.",gUl49d6cPC4,47.88
371,panel,"gern, gerne",gern means willingly or with pleasure.,gerne,Ich würde gerne noch ein paar Tests mit Ihnen machen.,h-2PTbyiDrE,324.4569402985075
372,panel,"gern, gerne",gern means willingly or with pleasure.,gerne,Was machen Sie gerne in Ihrer Freizeit?,BbdfTYdUtz0,718.8109999999999
373,panel,"nichts, nix",,nichts,Von dem Treffen habe ich ihr aber nichts erzählt.,U_ZBViSvQ64,357.8480341880343
374,panel,"nichts, nix",,nichts,"Das wird nichts, ne? Aber den Minusruf, den korrigieren wir doch jetzt einfach mal ein bisschen.",k1-aP3hZEHs,692.1092537313431
375,panel,"nichts, nix",,nichts,Ich bin nicht kam mir fehlt nichts.,NnPdMjXpEJ8,1156.347586206897
376,panel,jdm. (Dat) passieren,jemandem passieren means to happen to someone.,bei anderen Viren passieren,Das kann auch bei anderen Viren passieren.,Mt50U4_ueR0,557.68
377,panel,jdm. (Dat) passieren,jemandem passieren means to happen to someone.,passiert,"Das Geständnis ist erneuter Hohn und eine Demütigung für die Angehörigen des Opfers, die nicht fassen können, was passiert ist.",4d1tLrzeBFI,278.72
378,panel,jdm. (Dat) passieren,jemandem passieren means to happen to someone.,mit Rosas passiert,"Egal, was mit Rosas passiert, es ist Zeit für dich, dein Traum zu leben.",mn2R4tVd1is,2109.0862500000007
379,panel,der Tag,der Tag means the period of daylight or a 24-hour day.,einem Tag,"Für sie war und ist es normal, an einem Tag in einen christlichen Gottesdienst zu gehen, an einem anderen in einen Hindutempel.",IUqGpj7dLfg,127.56
380,panel,der Tag,der Tag means the period of daylight or a 24-hour day.,der besten Tage,Fünf der besten Tage meines Lebens.,87LipQT8T-Q,6252.676666666667
381,panel,der Tag,der Tag means the period of daylight or a 24-hour day.,den ganzen Tag,Oder vielleicht war ich einsam den ganzen Tag.,z59vqeAEW9E,4371.4466250000005
382,panel,die Frage,die Frage means question.,Die Frage,"Die Frage, die ich oft bekomme, ist: ""Kannst du nicht auch was zu denen machen?"" Nun, ein Video zu 44 Parteien, das ist nicht einfach.",Abjh2bOlXoc,21.0
383,panel,die Frage,die Frage means question.,Ihrer anderen Frage,Zu Ihrer anderen Frage. 79a.,ca4CuIj_U9w,3106.5
384,panel,die Frage,die Frage means question.,die Frage,"Und dann ist halt die Frage, wie hoch ist die Dosis an gefährlichen Substanzen?",JTLau8e-CUo,1168.8672000000001
385,panel,der Mann,der Mann means the man (specific individual).,ein Mann,"Aber der beliebteste Grünen-Politiker zumindest wenn man nach Umfragen geht, ist ein Mann.",mjak9u_sdRY,311.08
386,panel,der Mann,der Mann means the man (specific individual).,diese Männer,"Jetzt ist es aber nicht so, dass diese Männer alle Streitigkeiten friedlich beilegen.",LGIMpZnfP-E,308.4
387,panel,der Mann,der Mann means the man (specific individual).,Der Mann,Der Mann verdient mehr Geld in einer Woche als du in einem Jahr.,7LWOWwN4PPQ,232.998
388,panel,jdm. (Dat) / etw. (Akk) glauben,jemandem glauben means to have faith in someone's ability or judgment.,glaube,"Mit Abby ist alles okay, glaube ich.",J6U4AjhCLrI,3549.0857142857144
389,panel,jdm. (Dat) / etw. (Akk) glauben,jemandem glauben means to have faith in someone's ability or judgment.,Glaubt,"Glaubt Ihr wirklich, es besteht die geringste Chance, dass das nicht gesehen wird?",L_-r441bJjQ,857.24
390,panel,jdm. (Dat) / etw. (Akk) glauben,jemandem glauben means to have faith in someone's ability or judgment.,glaube,"Ich glaube, die fliegen nach Dubai.",WuZYixhusIA,332.041
391,panel,die Frau,die Frau means wife.,Frau Schuhmacher,Ich grüßer Sie Herr und Frau Schuhmacher.,sNfEfLtfrb8,333.214
392,panel,die Frau,die Frau means wife.,Frau,Wo haben Herr und Frau Schulze sich kennengelernt? a) im Internet a) im Internet. c) auf einer Party.,CjLt7Ap40l4,721.085
393,panel,die Frau,die Frau means wife.,Die Frau,"Die Frau, bei der ich jetzt einen Termin habe, hat ihren Abschluss in einem Abendstudium nachgeholt.",OdHj-8ngOT0,1152.84
394,panel,etw./jdn. (Akk) lassen,etwas lassen means to let something happen or allow it.,gelassen,"Die AfD selbst sieht die Pläne, zumindest öffentlich, gelassen.",OPFwv5sy51E,644.6
395,panel,etw./jdn. (Akk) lassen,etwas lassen means to let something happen or allow it.,die Tür lassen,Du kannst mich duzen und die Tür offen lassen.,GNKFW4S1pKg,388.64
396,panel,etw./jdn. (Akk) lassen,etwas lassen means to let something happen or allow it.,lassen ihre Waren,Denn unzählige Firmen lassen ihre Waren von den günstigen Arbeitskräften in China produzieren.,X2vtshF6xF0,359.92
397,panel,jdm. (Dat) etw. (Akk) schreiben,jemandem etwas schreiben means to write something to someone (or to write a letter/message).,schreibe euch zwei in die Videobeschreibung,"Ich schreibe euch zwei, die ich ganz gut finde, unten in die Videobeschreibung.",skR937O5sBY,786.13
398,panel,jdm. (Dat) etw. (Akk) schreiben,jemandem etwas schreiben means to write something to someone (or to write a letter/message).,An einen IS-Kanal schreibt,"An einen IS-Kanal schreibt er: (Unheilvolle Musik) In der Folgezeit entsteht der Plan, einen Anschlag in Deutschland zu verüben.",iYtJLOBEXa0,768.12
399,panel,jdm. (Dat) etw. (Akk) schreiben,jemandem etwas schreiben means to write something to someone (or to write a letter/message).,die Antwort schreiben,Bitte jetzt die Antwort schreiben.,ZvkAPF1XXFQ,262.96
400,panel,nach etw. aussehen,nach etwas aussehen means to look like something / to seem something.,sieht aus aus,"Es sieht ja wirklich so aus, als hätte früher hier jemand gewohnt.",TqQwdRQRT-4,3563.0
401,panel,nach etw. aussehen,nach etwas aussehen means to look like something / to seem something.,aussehen,Legen wir los! 2060 wird Südkoreas Bevölkerungspyramide so aussehen: Mit einem Bevölkerungsrückgang von 30 % verschwinden in 35 Jahren 16 Millionen Südkoreaner.,l9UGB_V6A8g,143.06673684210526
402,panel,nach etw. aussehen,nach etwas aussehen means to look like something / to seem something.,im Netz aussehen,Wie könnte eurer Meinung nach ein effektiver Schutz von Kindern vor Missbrauch im Netz aussehen?,S_lw4b_9Gyc,700.16
403,panel,die Leute,die Leute means people.,Leute,"Dafür braucht ihr keine guten Noten, Leute.",Ej98tfrZzmI,179.416
404,panel,die Leute,die Leute means people.,Die Leute,"Die Leute sagen, die Party ist krass?",hqe0dqtCmA0,384.099
405,panel,die Leute,die Leute means people.,paar Leute,"Skeptisch wurden ein paar Leute erst, als klar war, dass die Botschaft nicht nur extrem groß, sondern vielleicht auch extrem tief sein wird.",m8e-ZaZSWqY,258.76
406,panel,die Partei,die Partei means political party.,die Partei,"Und weil die Partei an dem Willen der EU, sich in diese Richtung zu entwickeln, zweifelt, zieht sie noch radikalere Änderungen in Betracht.",Y_zS8jOYid4,285.44
407,panel,die Partei,die Partei means political party.,die Partei,"Generell ist die Partei des Fortschritts offen für neue Formen der Beteiligung, auch auf europäischer Ebene.",Y_zS8jOYid4,437.52
408,panel,die Partei,die Partei means political party.,eine Partei,"Aus einem Verein, der sich 2017 aus Mitgliedern von CDU und CSU gegründet hatte, wurde offiziell eine Partei.",ipjl0efaZ7Y,90.76
409,panel,jdm. (Dat) etw. (Akk) zeigen,jemandem etwas zeigen means to show something to someone.,euch zeigen,"Ich möchte euch zeigen, wie wir diesen Begriff verwenden und mit welchen Verben er häufig kombiniert wird.",ciByzc7eFrw,328.56
410,panel,jdm. (Dat) etw. (Akk) zeigen,jemandem etwas zeigen means to show something to someone.,zeigt,"Das zeigt aber, und jetzt kommt meine persönliche Meinung, es gibt immer noch einen zweiten Weg.",f-YHZOjNHYM,1311.72
411,panel,jdm. (Dat) etw. (Akk) zeigen,jemandem etwas zeigen means to show something to someone.,sich sich nach zeigen,Das wahre Potenzial der digitalen Unsterblichkeit wird sich erst nach und nach zeigen.,hHvIrQKy90w,674.433
412,panel,das Leben,das Leben means life.,seinem Leben,Die gehören zu den prägendsten Zeiten in seinem Leben.,3clVZ0b2x8M,198.72
413,panel,das Leben,das Leben means life.,Leben,"Das ist eine unglaubliche Materialschlacht, eine Schlacht, bei der jeden Tag 100, vielleicht auch 200 Soldatinnen und Soldaten ums Leben kommen.",ogbtRzgfOWA,143.12
414,panel,das Leben,das Leben means life.,meinem akademischen Leben,Ich war zufrieden mit meinem akademischen Leben und mit Sydneys angenehmer mittelmäßiger Art von Zärtlichkeit.,SHYj2f3WZjI,2768.611
415,panel,das Kind,das Kind means child (a young human being).,Kindern,"Mehr Geld soll's für Familien mit Kindern geben und alle, die sich Wohnung oder Haus zulegen wollen.",Ao1Rof8kkAs,324.48
416,panel,das Kind,das Kind means child (a young human being).,Kindern,"Dort ist er für den Bereich Kindeswohlgefährdung, Hilfe zur Erziehung, Beteiligung beim Familiengericht und in der Eingliederungshilfe von Kindern mit psychischen Erkrankungen tätig.",-PRxlCN1Owk,389.4
417,panel,das Kind,das Kind means child (a young human being).,keine Kinder,"Im Schnitt wird etwa die Hälfte der Frauen hier keine Kinder haben, und die andere Hälfte nur eines.",l9UGB_V6A8g,42.59030985915494
418,panel,etw./jdn. (Akk) nehmen,etwas nehmen means to take (someone or something) along or into possession.,das alles zur Kenntnis genommen,Wir haben das alles zur Kenntnis genommen.,zjLkTb2jQnw,4800.506304347826
419,panel,etw./jdn. (Akk) nehmen,etwas nehmen means to take (someone or something) along or into possession.,nehmen Platz,"Nun, nehmen Sie Platz, meine Herren.",98S3JDk_7Ww,2064.562
420,panel,etw./jdn. (Akk) nehmen,etwas nehmen means to take (someone or something) along or into possession.,nehmen 11 Sportler als Geiseln,Schwer bewaffnet nehmen sie dort 11 Sportler als Geiseln.,dB5jKQYveec,114.0
421,panel,jdm. (Dat) etw. (Akk) bringen,jemanden zum Reden bringen means to make someone talk or get someone to speak.,bringt sein drittes Automodell auf den Markt,Tesla bringt sein drittes Automodell auf den Markt und setzt Maßstäbe.,D0y4dwQmHmc,684.8
422,panel,jdm. (Dat) etw. (Akk) bringen,jemanden zum Reden bringen means to make someone talk or get someone to speak.,die Lufthansa-Maschine Landshut in ihre Gewalt gebracht,Die hatten die Lufthansa-Maschine „Landshut“ in ihre Gewalt gebracht.,dB5jKQYveec,444.0
423,panel,jdm. (Dat) etw. (Akk) bringen,jemanden zum Reden bringen means to make someone talk or get someone to speak.,bringen sie zum Pinguin,Wir bringen sie um und bringen sie dann zum Pinguin.,2VZAqHGOjIc,92.083
424,panel,das Problem,das Problem means an objection or grievance.,Meine Probleme,Aber viele Menschen nehmen das so nicht wahr und sagen: Meine Probleme werden nicht angegangen.,ThgDIFU0hSA,492.04
425,panel,das Problem,das Problem means an objection or grievance.,viele Probleme,"Das Leben hat schon so viele Probleme gelöst, warum also nicht auch unsere Anfälligkeit für den Tod?",ukj00RbvZaQ,461.65
426,panel,das Problem,das Problem means an objection or grievance.,Probleme,"Probleme müssen klar benannt werden, Schwierigkeiten müssen angegangen werden, und man sollte bei den Fakten bleiben.",HrpXgqFcN0k,1291.8
427,panel,der Fall,auf jeden Fall means definitely/absolutely.,der Fall,"Und wie das bis 2011 auch der Fall gewesen ist, würde so ein Jahr natürlich auch bezahlt werden.",4h3w-IPhKaY,659.72
428,panel,der Fall,auf jeden Fall means definitely/absolutely.,keinen Fall,Wir möchten dich auf keinen Fall enttäsuchen.,ZBfSszghlUc,468.096511627907
429,panel,der Fall,auf jeden Fall means definitely/absolutely.,dem Fall,Sie haben sicher von dem Fall des verschwundenen Mädchens gehört.,BRHw2oSykjw,4954.208
430,panel,der Herr,der Herr means Mr.,Herr Springer,"Herr Springer, ich grüße Sie.",oZlJeK-AacE,1729.2
431,panel,der Herr,der Herr means Mr.,Herr Professor,"Herr Professor Hackmann, sind Sie der neue Präsident der Universität in Hamburg?",Vb9df_r0pZo,2841.389
432,panel,der Herr,der Herr means Mr.,Herr Kunze,"Ja, Herr Kunze, wir sind bereit.",NbL39FX-mGs,904.959
433,panel,das Thema,das Thema means topic.,einem anderen Thema,Ein Video zu einem völlig anderen Thema.,U6GW6gzIywo,664.64
434,panel,das Thema,das Thema means topic.,ein ganz Thema,"Das ist ja an sich auch ein ganz, ganz wichtiges Thema.",Dmhm8dTn2nY,1074.96
435,panel,das Thema,das Thema means topic.,das Thema Artikel,"So, und jetzt geht's los. ￼ Manu hat geschrieben, dass er sich für das Thema ""bestimmte Artikel vor Namen"" interessiert.",skR937O5sBY,20.93671232876713
436,panel,jdm. (Dat) gehören,gehört means heard.,von Menschen gehört,Ich habe schon so oft von Menschen gehört.,8vRm8QiAW3M,166.20599999999996
437,panel,jdm. (Dat) gehören,gehört means heard.,gehört zur DNA,Streifenfreier Glanz in der Fahrrad-Edelgarage gehört zur DNA der Herberge.,slyev-JfiyI,3158.04
438,panel,jdm. (Dat) gehören,gehört means heard.,das gehört,Hast du das schon mal gehört?,QMiNcmXJP-k,594.6122222222223
439,panel,etw./jdn. (Akk) kennen,etwas kennen means to be acquainted with or to know someone/something.,kennen das,Aber die allermeisten kennen das auch gar nicht anders.,u1yUxpC0xgs,182.68
440,panel,etw./jdn. (Akk) kennen,etwas kennen means to be acquainted with or to know someone/something.,ihr kennt es,"Also ihr kennt es vielleicht, ab und an eröffnet irgendwo ein neues Geschäft und dann bekommst du eine Werbung zu Hause eingeschmissen.",cO_N4K1YAhg,34.547
441,panel,etw./jdn. (Akk) kennen,etwas kennen means to be acquainted with or to know someone/something.,ihr kennt,"Deshalb hat der Imperativ drei Formen: „Sieh mal!“: Die du- Form für eine Person, die ihr gut kennt.",o-L4Ha843I0,140.429
442,panel,das Geld,das Geld means money.,Geld,"Statt Geld sollen vor allem Sachleistungen gewährt werden, die über eine Bezahlkarte laufen, wie es das jetzt auch schon in einigen Bundesländern gibt.",MzsBDMD9vO8,696.6
443,panel,das Geld,das Geld means money.,das Geld,"Eine Lüge der Eliten, die uns das Geld aus den Taschen ziehen wollen.",B8Opg4p_LPg,188.93473684210528
444,panel,das Geld,das Geld means money.,Leih Geld,"""Leih mir Geld"" und den Wagen.",7LWOWwN4PPQ,1210.9773478260868
445,panel,jdm. (Dat) helfen,jemandem helfen means to help someone.,einem Freund geholfen,"Angeblich hatte er einem Freund geholfen zu fliehen, nachdem dieser einen anderen Mann erschossen hatte.",VmwqVt1BzCY,166.62301204819278
446,panel,jdm. (Dat) helfen,jemandem helfen means to help someone.,helfen,"Hier entwickelt man, lässt Dinge runterfallen und Kinder helfen spontan.",XkbjEvkuKvM,4636.24
447,panel,jdm. (Dat) helfen,jemandem helfen means to help someone.,mir geholfen,"Jemma, sie hat mir geholfen, es klar zu sehen.",mn2R4tVd1is,4697.39768115942
448,panel,"lange, lang",lange means how much time or duration.,lange,Meiner Meinung nach dauert die Bearbeitung bei manchen Dingen zu lange.,KI-ccDNxwM8,656.85
449,panel,"lange, lang",lange means how much time or duration.,lange,Wir haben auch noch andere Aufgaben!” “Sich mit etwas aufhalten” bedeutet: sich zu lange mit etwas beschäftigen.,P_VwSFpkujk,206.40521739130435
450,panel,"lange, lang",lange means how much time or duration.,lange,"Ein Thema, über das man sehr lange diskutieren könnte.",mjak9u_sdRY,540.12
